timestamp_us,grip_voltage,relative_time_us
102035451,1587,0
102035821,1504,370
102036192,1430,741
102036563,1364,1112
102036937,1313,1486
102037307,1278,1856
102037678,1258,2227
102038053,1257,2602
102038424,1266,2973
102038794,1296,3343
102039165,1337,3714
102039535,1393,4084
102039910,1463,4459
102040280,1543,4829
102040650,1633,5199
102041021,1733,5570
102041391,1837,5940
102041761,1945,6310
102042132,2057,6681
102042502,2168,7051
102042873,2280,7422
102043248,2381,7797
102043618,2482,8167
102043989,2572,8538
102044359,2650,8908
102044736,2719,9285
102045106,2776,9655
102045477,2814,10026
102045847,2843,10396
102046218,2850,10767
102046589,2845,11138
102046959,2828,11508
102047330,2791,11879
102047705,2740,12254
102048075,2676,12624
102048446,2603,12995
102048816,2514,13365
102049187,2418,13736
102049558,2317,14107
102049933,2213,14482
102050303,2098,14852
102050673,1989,15222
102051046,1877,15595
102051417,1770,15966
102051787,1673,16336
102052158,1575,16707
102052528,1490,17077
102052903,1415,17452
102053273,1353,17822
102053644,1307,18193
102054015,1274,18564
102054385,1257,18934
102054755,1255,19304
102055128,1271,19677
102055499,1302,20048
102055869,1347,20418
102056244,1406,20793
102056615,1469,21164
102056986,1552,21535
102057356,1643,21905
102057728,1744,22277
102058099,1849,22648
102058470,1959,23019
102058840,2069,23389
102059211,2182,23760
102059581,2288,24130
102059952,2394,24501
102060323,2491,24872
102060695,2580,25244
102061066,2658,25615
102061437,2730,25986
102061807,2779,26356
102062178,2820,26727
102062548,2847,27097
102062923,2852,27472
102063293,2846,27842
102063663,2827,28212
102064038,2789,28587
102064408,2740,28957
102064779,2672,29328
102065150,2595,29699
102065520,2503,30069
102065895,2407,30444
102066265,2306,30814
102066636,2197,31185
102067007,2085,31556
102067377,1976,31926
102067747,1865,32296
102068118,1756,32667
102068489,1657,33038
102068859,1566,33408
102069234,1480,33783
102069605,1409,34154
102069975,1353,34524
102070346,1304,34895
102070719,1272,35268
102071090,1255,35639
102071460,1253,36009
102071830,1272,36379
102072201,1301,36750
102072572,1346,37121
102072942,1404,37491
102073313,1475,37862
102073685,1560,38234
102074056,1651,38605
102074427,1751,38976
102074797,1858,39346
102075168,1967,39717
102075538,2086,40087
102075913,2195,40462
102076283,2306,40832
102076654,2405,41203
102077024,2500,41573
102077395,2590,41944
102077765,2665,42314
102078136,2730,42685
102078507,2784,43056
102078882,2822,43431
102079252,2846,43801
102079622,2852,44171
102079993,2844,44542
102080364,2823,44913
102080738,2783,45287
102081109,2729,45658
102081480,2665,46029
102081850,2589,46399
102082225,2499,46774
102082596,2400,47145
102082966,2297,47515
102083337,2187,47886
102083710,2079,48259
102084081,1965,48630
102084451,1854,49000
102084821,1750,49370
102085192,1649,49741
102085563,1556,50112
102085937,1473,50486
102086307,1403,50856
102086678,1342,51227
102087053,1298,51602
102087424,1270,51973
102087794,1256,52343
102088165,1253,52714
102088535,1272,53084
102088910,1305,53459
102089280,1349,53829
102089650,1411,54199
102090021,1484,54570
102090391,1567,54940
102090761,1661,55310
102091132,1763,55681
102091502,1868,56051
102091873,1979,56422
102092248,2092,56797
102092618,2202,57167
102092989,2308,57538
102093359,2413,57908
102093736,2510,58285
102094106,2599,58655
102094477,2674,59026
102094847,2740,59396
102095218,2792,59767
102095589,2833,60138
102095959,2853,60508
102096330,2860,60879
102096705,2845,61254
102097075,2822,61624
102097446,2778,61995
102097816,2725,62365
102098187,2660,62736
102098558,2578,63107
102098933,2487,63482
102099303,2390,63852
102099673,2285,64222
102100046,2176,64595
102100417,2066,64966
102100787,1954,65336
102101158,1845,65707
102101528,1742,66077
102101903,1638,66452
102102273,1548,66822
102102644,1467,67193
102103015,1395,67564
102103385,1339,67934
102103755,1296,68304
102104128,1266,68677
102104499,1255,69048
102104869,1257,69418
102105244,1273,69793
102105615,1307,70164
102105986,1356,70535
102106356,1417,70905
102106728,1492,71277
102107099,1575,71648
102107470,1670,72019
102107840,1772,72389
102108211,1881,72760
102108581,1990,73130
102108952,2102,73501
102109323,2216,73872
102109695,2321,74244
102110066,2425,74615
102110437,2519,74986
102110807,2604,75356
102111178,2683,75727
102111548,2744,76097
102111923,2793,76472
102112293,2829,76842
102112663,2848,77212
102113038,2853,77587
102113408,2845,77957
102113779,2814,78328
102114150,2772,78699
102114520,2719,79069
102114895,2652,79444
102115265,2571,79814
102115636,2483,80185
102116007,2388,80556
102116377,2279,80926
102116747,2168,81296
102117118,2056,81667
102117489,1944,82038
102117859,1831,82408
102118234,1728,82783
102118605,1631,83154
102118975,1539,83524
102119346,1461,83895
102119719,1389,84268
102120090,1333,84639
102120460,1293,85009
102120830,1267,85379
102121201,1252,85750
102121572,1258,86121
102121942,1279,86491
102122313,1312,86862
102122685,1364,87234
102123056,1424,87605
102123427,1500,87976
102123797,1587,88346
102124168,1680,88717
102124538,1783,89087
102124913,1893,89462
102125283,2002,89832
102125654,2110,90203
102126024,2223,90573
102126395,2330,90944
102126765,2429,91314
102127136,2526,91685
102127507,2609,92056
102127882,2685,92431
102128252,2745,92801
102128622,2795,93171
102128993,2830,93542
102129364,2845,93913
102129738,2853,94287
102130109,2842,94658
102130480,2811,95029
102130850,2769,95399
102131225,2711,95774
102131596,2646,96145
102131966,2562,96515
102132337,2470,96886
102132710,2369,97259
102133081,2263,97630
102133451,2156,98000
102133821,2043,98370
102134192,1931,98741
102134563,1823,99112
102134937,1718,99486
102135307,1623,99856
102135678,1536,100227
102136053,1456,100602
102136424,1385,100973
102136794,1330,101343
102137165,1289,101714
102137535,1264,102084
102137910,1252,102459
102138280,1260,102829
102138650,1282,103199
102139021,1315,103570
102139391,1369,103940
102139761,1433,104310
102140132,1506,104681
102140502,1595,105051
102140873,1694,105422
102141248,1795,105797
102141618,1903,106167
102141989,2015,106538
102142359,2126,106908
102142736,2237,107285
102143106,2343,107655
102143477,2444,108026
102143847,2537,108396
102144218,2621,108767
102144589,2694,109138
102144959,2756,109508
102145330,2802,109879
102145705,2832,110254
102146075,2848,110624
102146446,2850,110995
102146816,2839,111365
102147187,2805,111736
102147558,2763,112107
102147933,2701,112482
102148303,2632,112852
102148673,2549,113222
102149046,2456,113595
102149417,2360,113966
102149787,2253,114336
102150158,2142,114707
102150528,2033,115077
102150903,1919,115452
102151273,1812,115822
102151644,1706,116193
102152015,1612,116564
102152385,1523,116934
102152755,1443,117304
102153128,1378,117677
102153499,1322,118048
102153869,1284,118418
102154244,1265,118793
102154615,1254,119164
102154986,1260,119535
102155356,1287,119905
102155728,1328,120277
102156099,1383,120648
102156470,1443,121019
102156840,1517,121389
102157211,1605,121760
102157581,1704,122130
102157952,1805,122501
102158323,1914,122872
102158695,2025,123244
102159066,2138,123615
102159437,2248,123986
102159807,2354,124356
102160178,2454,124727
102160548,2546,125097
102160923,2629,125472
102161293,2699,125842
102161663,2761,126212
102162038,2808,126587
102162408,2837,126957
102162779,2852,127328
102163150,2851,127699
102163520,2835,128069
102163895,2803,128444
102164265,2759,128814
102164636,2701,129185
102165007,2626,129556
102165377,2542,129926
102165747,2449,130296
102166118,2346,130667
102166489,2237,131038
102166859,2130,131408
102167234,2021,131783
102167605,1907,132154
102167975,1797,132524
102168346,1697,132895
102168719,1597,133268
102169090,1513,133639
102169460,1436,134009
102169830,1371,134379
102170201,1321,134750
102170572,1284,135121
102170942,1263,135491
102171313,1255,135862
102171685,1262,136234
102172056,1288,136605
102172427,1328,136976
102172797,1381,137346
102173168,1447,137717
102173538,1524,138087
102173913,1615,138462
102174283,1708,138832
102174654,1816,139203
102175024,1926,139573
102175395,2042,139944
102175765,2152,140314
102176136,2262,140685
102176507,2368,141056
102176882,2463,141431
102177252,2555,141801
102177622,2636,142171
102177993,2704,142542
102178364,2765,142913
102178738,2809,143287
102179109,2838,143658
102179480,2852,144029
102179850,2852,144399
102180225,2834,144774
102180596,2798,145145
102180966,2752,145515
102181337,2692,145886
102181710,2616,146259
102182081,2533,146630
102182451,2439,147000
102182821,2339,147370
102183192,2232,147741
102183563,2122,148112
102183937,2009,148486
102184307,1900,148856
102184678,1789,149227
102185053,1690,149602
102185424,1590,149973
102185794,1503,150343
102186165,1428,150714
102186535,1363,151084
102186910,1314,151459
102187280,1278,151829
102187650,1255,152199
102188021,1253,152570
102188391,1263,152940
102188761,1289,153310
102189132,1331,153681
102189502,1387,154051
102189873,1455,154422
102190248,1534,154797
102190618,1624,155167
102190989,1723,155538
102191359,1828,155908
102191736,1941,156285
102192106,2050,156655
102192477,2162,157026
102192847,2272,157396
102193218,2374,157767
102193589,2471,158138
102193959,2564,158508
102194330,2646,158879
102194705,2715,159254
102195075,2771,159624
102195446,2820,159995
102195816,2847,160365
102196187,2857,160736
102196558,2851,161107
102196933,2833,161482
102197303,2796,161852
102197673,2749,162222
102198046,2684,162595
102198417,2611,162966
102198787,2527,163336
102199158,2429,163707
102199528,2331,164077
102199903,2220,164452
102200273,2112,164822
102200644,1997,165193
102201015,1887,165564
102201385,1783,165934
102201755,1677,166304
102202128,1583,166677
102202499,1497,167048
102202869,1422,167418
102203244,1360,167793
102203615,1311,168164
102203986,1278,168535
102204356,1259,168905
102204728,1254,169277
102205099,1267,169648
102205470,1292,170019
102205840,1336,170389
102206211,1391,170760
102206581,1460,171130
102206952,1542,171501
102207323,1633,171872
102207695,1731,172244
102208066,1837,172615
102208437,1948,172986
102208807,2058,173356
102209178,2167,173727
102209548,2280,174097
102209923,2384,174472
102210293,2482,174842
102210663,2576,175212
102211038,2653,175587
102211408,2721,175957
102211779,2778,176328
102212150,2816,176699
102212520,2839,177069
102212895,2855,177444
102213265,2847,177814
102213636,2827,178185
102214007,2791,178556
102214377,2742,178926
102214747,2679,179296
102215118,2601,179667
102215489,2520,180038
102215859,2426,180408
102216234,2322,180783
102216605,2208,181154
102216975,2100,181524
102217346,1987,181895
102217719,1875,182268
102218090,1768,182639
102218460,1667,183009
102218830,1573,183379
102219201,1489,183750
102219572,1416,184121
102219942,1355,184491
102220313,1308,184862
102220685,1274,185234
102221056,1258,185605
102221427,1258,185976
102221797,1268,186346
102222168,1298,186717
102222538,1343,187087
102222913,1397,187462
102223283,1469,187832
102223654,1552,188203
102224024,1641,188573
102224395,1743,188944
102224765,1849,189314
102225136,1957,189685
102225507,2068,190056
102225882,2180,190431
102226252,2287,190801
102226622,2391,191171
102226993,2487,191542
102227364,2579,191913
102227738,2657,192287
102228109,2722,192658
102228480,2778,193029
102228850,2821,193399
102229225,2844,193774
102229596,2850,194145
102229966,2848,194515
102230337,2824,194886
102230710,2787,195259
102231081,2735,195630
102231451,2670,196000
102231821,2595,196370
102232192,2507,196741
102232563,2409,197112
102232937,2306,197486
102233307,2201,197856
102233678,2086,198227
102234053,1976,198602
102234424,1866,198973
102234794,1761,199343
102235165,1659,199714
102235535,1571,200084
102235910,1486,200459
102236280,1413,200829
102236650,1350,201199
102237021,1303,201570
102237391,1272,201940
102237761,1256,202310
102238132,1256,202681
102238502,1270,203051
102238873,1298,203422
102239248,1347,203797
102239618,1406,204167
102239989,1475,204538
102240359,1561,204908
102240736,1654,205285
102241106,1755,205655
102241477,1861,206026
102241847,1971,206396
102242218,2082,206767
102242589,2197,207138
102242959,2301,207508
102243330,2404,207879
102243705,2502,208254
102244075,2593,208624
102244446,2667,208995
102244816,2732,209365
102245187,2788,209736
102245558,2820,210107
102245933,2844,210482
102246303,2852,210852
102246673,2842,211222
102247046,2819,211595
102247417,2782,211966
102247787,2727,212336
102248158,2662,212707
102248528,2586,213077
102248903,2494,213452
102249273,2399,213822
102249644,2295,214193
102250015,2185,214564
102250385,2077,214934
102250755,1962,215304
102251128,1853,215677
102251499,1749,216048
102251869,1648,216418
102252244,1553,216793
102252615,1471,217164
102252986,1402,217535
102253356,1343,217905
102253728,1299,218277
102254099,1268,218648
102254470,1255,219019
102254840,1258,219389
102255211,1276,219760
102255581,1309,220130
102255952,1357,220501
102256323,1417,220872
102256695,1487,221244
102257066,1569,221615
102257437,1664,221986
102257807,1764,222356
102258178,1874,222727
102258548,1980,223097
102258923,2095,223472
102259293,2204,223842
102259663,2312,224212
102260038,2416,224587
102260408,2516,224957
102260779,2598,225328
102261150,2678,225699
102261520,2740,226069
102261895,2788,226444
102262265,2827,226814
102262636,2848,227185
102263007,2856,227556
102263377,2844,227926
102263747,2819,228296
102264118,2781,228667
102264489,2724,229038
102264859,2654,229408
102265234,2576,229783
102265605,2487,230154
102265975,2387,230524
102266346,2283,230895
102266719,2173,231268
102267090,2063,231639
102267460,1953,232009
102267830,1841,232379
102268201,1737,232750
102268572,1638,233121
102268942,1546,233491
102269313,1463,233862
102269685,1396,234234
102270056,1337,234605
102270427,1296,234976
102270797,1269,235346
102271168,1253,235717
102271538,1258,236087
102271913,1281,236462
102272283,1309,236832
102272654,1358,237203
102273024,1420,237573
102273395,1492,237944
102273765,1579,238314
102274136,1672,238685
102274507,1772,239056
102274882,1881,239431
102275252,1994,239801
102275622,2112,240171
102275993,2219,240542
102276364,2322,240913
102276738,2425,241287
102277109,2521,241658
102277480,2606,242029
102277850,2682,242399
102278225,2745,242774
102278596,2794,243145
102278966,2828,243515
102279337,2849,243886
102279710,2854,244259
102280081,2842,244630
102280451,2817,245000
102280821,2773,245370
102281192,2719,245741
102281563,2652,246112
102281937,2565,246486
102282307,2478,246856
102282678,2381,247227
102283053,2273,247602
102283424,2162,247973
102283794,2052,248343
102284165,1942,248714
102284535,1830,249084
102284910,1728,249459
102285280,1629,249829
102285650,1537,250199
102286021,1456,250570
102286391,1389,250940
102286761,1332,251310
102287132,1292,251681
102287502,1267,252051
102287873,1253,252422
102288248,1257,252797
102288618,1277,253167
102288989,1316,253538
102289359,1362,253908
102289736,1427,254285
102290106,1500,254655
102290477,1589,255026
102290847,1684,255396
102291218,1784,255767
102291589,1895,256138
102291959,2005,256508
102292330,2114,256879
102292705,2226,257254
102293075,2333,257624
102293446,2436,257995
102293816,2528,258365
102294187,2615,258736
102294558,2689,259107
102294933,2752,259482
102295303,2803,259852
102295673,2837,260222
102296046,2856,260595
102296417,2858,260966
102296787,2840,261336
102297158,2811,261707
102297528,2771,262077
102297903,2709,262452
102298273,2639,262822
102298644,2560,263193
102299015,2470,263564
102299385,2367,263934
102299755,2262,264304
102300128,2152,264677
102300499,2041,265048
102300869,1929,265418
102301244,1818,265793
102301615,1717,266164
102301986,1618,266535
102302356,1529,266905
102302728,1450,267277
102303099,1382,267648
102303470,1328,268019
102303840,1290,268389
102304211,1264,268760
102304581,1255,269130
102304952,1260,269501
102305323,1283,269872
102305695,1316,270244
102306066,1370,270615
102306437,1431,270986
102306807,1510,271356
102307178,1596,271727
102307548,1690,272097
102307923,1793,272472
102308293,1902,272842
102308663,2014,273212
102309038,2129,273587
102309408,2241,273957
102309779,2344,274328
102310150,2443,274699
102310520,2538,275069
102310895,2626,275444
102311265,2695,275814
102311636,2757,276185
102312007,2804,276556
102312377,2833,276926
102312747,2848,277296
102313118,2852,277667
102313489,2836,278038
102313859,2806,278408
102314234,2762,278783
102314605,2708,279154
102314975,2634,279524
102315346,2553,279895
102315719,2461,280268
102316090,2361,280639
102316460,2255,281009
102316830,2142,281379
102317201,2028,281750
102317572,1919,282121
102317942,1811,282491
102318313,1707,282862
102318685,1610,283234
102319056,1518,283605
102319427,1444,283976
102319797,1376,284346
102320168,1326,284717
102320538,1285,285087
102320913,1265,285462
102321283,1254,285832
102321654,1263,286203
102322024,1285,286573
102322395,1323,286944
102322765,1372,287314
102323136,1439,287685
102323507,1517,288056
102323882,1606,288431
102324252,1704,288801
102324622,1807,289171
102324993,1913,289542
102325364,2021,289913
102325738,2135,290287
102326109,2248,290658
102326480,2352,291029
102326850,2453,291399
102327225,2547,291774
102327596,2630,292145
102327966,2700,292515
102328337,2759,292886
102328710,2805,293259
102329081,2836,293630
102329451,2855,294000
102329821,2852,294370
102330192,2835,294741
102330563,2805,295112
102330937,2758,295486
102331307,2699,295856
102331678,2627,296227
102332053,2542,296602
102332424,2446,296973
102332794,2347,297343
102333165,2241,297714
102333535,2131,298084
102333910,2020,298459
102334280,1911,298829
102334650,1799,299199
102335021,1700,299570
102335391,1608,299940
102335761,1519,300310
102336132,1443,300681
102336502,1374,301051
102336873,1323,301422
102337248,1284,301797
102337618,1261,302167
102337989,1258,302538
102338359,1263,302908
102338736,1288,303285
102339106,1326,303655
102339477,1382,304026
102339847,1448,304396
102340218,1525,304767
102340589,1616,305138
102340959,1714,305508
102341330,1817,305879
102341705,1925,306254
102342075,2038,306624
102342446,2150,306995
102342816,2258,307365
102343187,2366,307736
102343558,2464,308107
102343933,2558,308482
102344303,2641,308852
102344673,2709,309222
102345046,2768,309595
102345417,2811,309966
102345787,2836,310336
102346158,2848,310707
102346528,2849,311077
102346903,2831,311452
102347273,2797,311822
102347644,2749,312193
102348015,2692,312564
102348385,2615,312934
102348755,2532,313304
102349128,2439,313677
102349499,2337,314048
102349869,2229,314418
102350244,2118,314793
102350615,2008,315164
102350986,1896,315535
102351356,1788,315905
102351728,1688,316277
102352099,1591,316648
102352470,1504,317019
102352840,1428,317389
102353211,1366,317760
102353581,1314,318130
102353952,1281,318501
102354323,1262,318872
102354695,1257,319244
102355066,1269,319615
102355437,1296,319986
102355807,1339,320356
102356178,1391,320727
102356548,1456,321097
102356923,1536,321472
102357293,1625,321842
102357663,1723,322212
102358038,1829,322587
102358408,1941,322957
102358779,2049,323328
102359150,2159,323699
102359520,2269,324069
102359895,2380,324444
102360265,2474,324814
102360636,2567,325185
102361007,2647,325556
102361377,2715,325926
102361747,2769,326296
102362118,2814,326667
102362489,2840,327038
102362859,2852,327408
102363234,2851,327783
102363605,2829,328154
102363975,2796,328524
102364346,2744,328895
102364719,2684,329268
102365090,2606,329639
102365460,2521,330009
102365830,2427,330379
102366201,2322,330750
102366572,2218,331121
102366942,2107,331491
102367313,1995,331862
102367685,1884,332234
102368056,1776,332605
102368427,1677,332976
102368797,1582,333346
102369168,1498,333717
102369538,1422,334087
102369913,1360,334462
102370283,1311,334832
102370654,1276,335203
102371024,1258,335573
102371395,1255,335944
102371765,1268,336314
102372136,1293,336685
102372507,1337,337056
102372882,1392,337431
102373252,1459,337801
102373622,1544,338171
102373993,1633,338542
102374364,1733,338913
102374738,1840,339287
102375109,1952,339658
102375480,2064,340029
102375850,2177,340399
102376225,2285,340774
102376596,2390,341145
102376966,2484,341515
102377337,2571,341886
102377710,2653,342259
102378081,2721,342630
102378451,2776,343000
102378821,2817,343370
102379192,2840,343741
102379563,2851,344112
102379937,2847,344486
102380307,2827,344856
102380678,2790,345227
102381053,2740,345602
102381424,2678,345973
102381794,2601,346343
102382165,2515,346714
102382535,2421,347084
102382910,2313,347459
102383280,2208,347829
102383650,2097,348199
102384021,1983,348570
102384391,1877,348940
102384761,1768,349310
102385132,1663,349681
102385502,1572,350051
102385873,1486,350422
102386248,1412,350797
102386618,1355,351167
102386989,1306,351538
102387359,1273,351908
102387736,1256,352285
102388106,1253,352655
102388477,1269,353026
102388847,1297,353396
102389218,1341,353767
102389589,1401,354138
102389959,1471,354508
102390330,1555,354879
102390705,1644,355254
102391075,1745,355624
102391446,1852,355995
102391816,1964,356365
102392187,2072,356736
102392558,2184,357107
102392933,2292,357482
102393303,2395,357852
102393673,2494,358222
102394046,2580,358595
102394417,2659,358966
102394787,2727,359336
102395158,2783,359707
102395528,2825,360077
102395903,2851,360452
102396273,2856,360822
102396644,2845,361193
102397015,2824,361564
102397385,2787,361934
102397755,2734,362304
102398128,2669,362677
102398499,2589,363048
102398869,2505,363418
102399244,2410,363793
102399615,2303,364164
102399986,2194,364535
102400356,2087,364905
102400728,1974,365277
102401099,1866,365648
102401470,1756,366019
102401840,1658,366389
102402211,1565,366760
102402581,1480,367130
102402952,1406,367501
102403323,1350,367872
102403695,1301,368244
102404066,1271,368615
102404437,1256,368986
102404807,1255,369356
102405178,1271,369727
102405548,1300,370097
102405923,1346,370472
102406293,1406,370842
102406663,1478,371212
102407038,1560,371587
102407408,1653,371957
102407779,1753,372328
102408150,1863,372699
102408520,1970,373069
102408895,2083,373444
102409265,2195,373814
102409636,2301,374185
102410007,2406,374556
102410377,2503,374926
102410747,2589,375296
102411118,2668,375667
102411489,2735,376038
102411859,2786,376408
102412234,2821,376783
102412605,2845,377154
102412975,2854,377524
102413346,2844,377895
102413719,2819,378268
102414090,2783,378639
102414460,2730,379009
102414830,2663,379379
102415201,2589,379750
102415572,2501,380121
102415942,2407,380491
102416313,2301,380862
102416685,2186,381234
102417056,2078,381605
102417427,1963,381976
102417797,1855,382346
102418168,1750,382717
102418538,1647,383087
102418913,1556,383462
102419283,1474,383832
102419654,1401,384203
102420024,1344,384573
102420395,1300,384944
102420765,1270,385314
102421136,1256,385685
102421507,1257,386056
102421882,1274,386431
102422252,1305,386801
102422622,1351,387171
102422993,1414,387542
102423364,1490,387913
102423738,1567,388287
102424109,1664,388658
102424480,1764,389029
102424850,1873,389399
102425225,1979,389774
102425596,2092,390145
102425966,2204,390515
102426337,2310,390886
102426710,2415,391259
102427081,2509,391630
102427451,2596,392000
102427821,2672,392370
102428192,2737,392741
102428563,2790,393112
102428937,2828,393486
102429307,2847,393856
102429678,2853,394227
102430053,2842,394602
102430424,2819,394973
102430794,2777,395343
102431165,2720,395714
102431535,2658,396084
102431910,2575,396459
102432280,2485,396829
102432650,2388,397199
102433021,2284,397570
102433391,2175,397940
102433761,2063,398310
102434132,1952,398681
102434502,1843,399051
102434873,1736,399422
102435248,1641,399797
102435618,1549,400167
102435989,1471,400538
102436359,1398,400908
102436736,1338,401285
102437106,1296,401655
102437477,1268,402026
102437847,1254,402396
102438218,1259,402767
102438589,1275,403138
102438959,1310,403508
102439330,1362,403879
102439705,1418,404254
102440075,1495,404624
102440446,1581,404995
102440816,1677,405365
102441187,1776,405736
102441558,1884,406107
102441933,1996,406482
102442303,2105,406852
102442673,2217,407222
102443046,2324,407595
102443417,2427,407966
102443787,2521,408336
102444158,2608,408707
102444528,2684,409077
102444903,2746,409452
102445273,2793,409822
102445644,2824,410193
102446015,2846,410564
102446385,2851,410934
102446755,2838,411304
102447128,2812,411677
102447499,2767,412048
102447869,2711,412418
102448244,2647,412793
102448615,2563,413164
102448986,2473,413535
102449356,2376,413905
102449728,2273,414277
102450099,2163,414648
102450470,2050,415019
102450840,1938,415389
102451211,1831,415760
102451581,1727,416130
102451952,1628,416501
102452323,1537,416872
102452695,1457,417244
102453066,1389,417615
102453437,1333,417986
102453807,1292,418356
102454178,1265,418727
102454548,1255,419097
102454923,1260,419472
102455293,1281,419842
102455663,1320,420212
102456038,1370,420587
102456408,1429,420957
102456779,1503,421328
102457150,1591,421699
102457520,1684,422069
102457895,1787,422444
102458265,1896,422814
102458636,2005,423185
102459007,2118,423556
102459377,2227,423926
102459747,2337,424296
102460118,2437,424667
102460489,2530,425038
102460859,2616,425408
102461234,2691,425783
102461605,2749,426154
102461975,2798,426524
102462346,2834,426895
102462719,2849,427268
102463090,2855,427639
102463460,2837,428009
102463830,2813,428379
102464201,2771,428750
102464572,2711,429121
102464942,2638,429491
102465313,2557,429862
102465685,2465,430234
102466056,2368,430605
102466427,2260,430976
102466797,2149,431346
102467168,2039,431717
102467538,1928,432087
102467913,1819,432462
102468283,1716,432832
102468654,1620,433203
102469024,1529,433573
102469395,1450,433944
102469765,1385,434314
102470136,1330,434685
102470507,1287,435056
102470882,1265,435431
102471252,1257,435801
102471622,1261,436171
102471993,1284,436542
102472364,1318,436913
102472738,1368,437287
102473109,1433,437658
102473480,1511,438029
102473850,1599,438399
102474225,1694,438774
102474596,1798,439145
102474966,1906,439515
102475337,2023,439886
102475710,2133,440259
102476081,2247,440630
102476451,2347,441000
102476821,2448,441370
102477192,2542,441741
102477563,2623,442112
102477937,2695,442486
102478307,2755,442856
102478678,2802,443227
102479053,2832,443602
102479424,2851,443973
102479794,2852,444343
102480165,2836,444714
102480535,2807,445084
102480910,2764,445459
102481280,2702,445829
102481650,2632,446199
102482021,2552,446570
102482391,2457,446940
102482761,2357,447310
102483132,2255,447681
102483502,2141,448051
102483873,2029,448422
102484248,1918,448797
102484618,1808,449167
102484989,1706,449538
102485359,1607,449908
102485736,1518,450285
102486106,1441,450655
102486477,1374,451026
102486847,1319,451396
102487218,1284,451767
102487589,1260,452138
102487959,1251,452508
102488330,1260,452879
102488705,1285,453254
102489075,1322,453624
102489446,1373,453995
102489816,1442,454365
102490187,1519,454736
102490558,1606,455107
102490933,1703,455482
102491303,1809,455852
102491673,1920,456222
102492046,2032,456595
102492417,2139,456966
102492787,2248,457336
102493158,2356,457707
102493528,2454,458077
102493903,2550,458452
102494273,2633,458822
102494644,2706,459193
102495015,2763,459564
102495385,2811,459934
102495755,2843,460304
102496128,2859,460677
102496499,2854,461048
102496869,2834,461418
102497244,2803,461793
102497615,2755,462164
102497986,2699,462535
102498356,2624,462905
102498728,2537,463277
102499099,2446,463648
102499470,2346,464019
102499840,2239,464389
102500211,2130,464760
102500581,2017,465130
102500952,1911,465501
102501323,1799,465872
102501695,1699,466244
102502066,1599,466615
102502437,1512,466986
102502807,1437,467356
102503178,1371,467727
102503548,1317,468097
102503923,1283,468472
102504293,1260,468842
102504663,1255,469212
102505038,1264,469587
102505408,1285,469957
102505779,1323,470328
102506150,1379,470699
102506520,1447,471069
102506895,1527,471444
102507265,1613,471814
102507636,1714,472185
102508007,1818,472556
102508377,1924,472926
102508747,2037,473296
102509118,2151,473667
102509489,2258,474038
102509859,2366,474408
102510234,2469,474783
102510605,2557,475154
102510975,2638,475524
102511346,2709,475895
102511719,2766,476268
102512090,2810,476639
102512460,2837,477009
102512830,2851,477379
102513201,2850,477750
102513572,2832,478121
102513942,2800,478491
102514313,2752,478862
102514685,2691,479234
102515056,2618,479605
102515427,2535,479976
102515797,2445,480346
102516168,2339,480717
102516538,2232,481087
102516913,2119,481462
102517283,2004,481832
102517654,1897,482203
102518024,1789,482573
102518395,1686,482944
102518765,1590,483314
102519136,1505,483685
102519507,1428,484056
102519882,1363,484431
102520252,1316,484801
102520622,1279,485171
102520993,1257,485542
102521364,1254,485913
102521738,1268,486287
102522109,1291,486658
102522480,1330,487029
102522850,1388,487399
102523225,1458,487774
102523596,1536,488145
102523966,1624,488515
102524337,1726,488886
102524710,1831,489259
102525081,1938,489630
102525451,2048,490000
102525821,2156,490370
102526192,2270,490741
102526563,2373,491112
102526937,2474,491486
102527307,2562,491856
102527678,2645,492227
102528053,2714,492602
102528424,2770,492973
102528794,2812,493343
102529165,2841,493714
102529535,2853,494084
102529910,2849,494459
102530280,2828,494829
102530650,2795,495199
102531021,2747,495570
102531391,2683,495940
102531761,2610,496310
102532132,2524,496681
102532502,2427,497051
102532873,2325,497422
102533248,2217,497797
102533618,2109,498167
102533989,1997,498538
102534359,1887,498908
102534736,1775,499285
102535106,1677,499655
102535477,1584,500026
102535847,1499,500396
102536218,1424,500767
102536589,1359,501138
102536959,1309,501508
102537330,1276,501879
102537705,1260,502254
102538075,1254,502624
102538446,1264,502995
102538816,1295,503365
102539187,1337,503736
102539558,1395,504107
102539933,1462,504482
102540303,1547,504852
102540673,1638,505222
102541046,1738,505595
102541417,1840,505966
102541787,1951,506336
102542158,2061,506707
102542528,2174,507077
102542903,2282,507452
102543273,2388,507822
102543644,2488,508193
102544015,2575,508564
102544385,2655,508934
102544755,2720,509304
102545128,2775,509677
102545499,2819,510048
102545869,2839,510418
102546244,2850,510793
102546615,2845,511164
102546986,2828,511535
102547356,2789,511905
102547728,2737,512277
102548099,2673,512648
102548470,2598,513019
102548840,2513,513389
102549211,2416,513760
102549581,2315,514130
102549952,2209,514501
102550323,2096,514872
102550695,1986,515244
102551066,1875,515615
102551437,1765,515986
102551807,1668,516356
102552178,1572,516727
102552548,1486,517097
102552923,1413,517472
102553293,1354,517842
102553663,1309,518212
102554038,1275,518587
102554408,1257,518957
102554779,1252,519328
102555150,1274,519699
102555520,1303,520069
102555895,1347,520444
102556265,1403,520814
102556636,1474,521185
102557007,1553,521556
102557377,1643,521926
102557747,1745,522296
102558118,1851,522667
102558489,1959,523038
102558859,2074,523408
102559234,2187,523783
102559605,2293,524154
102559975,2396,524524
102560346,2494,524895
102560719,2579,525268
102561090,2662,525639
102561460,2728,526009
102561830,2781,526379
102562201,2820,526750
102562572,2844,527121
102562942,2854,527491
102563313,2846,527862
102563685,2824,528234
102564056,2787,528605
102564427,2736,528976
102564797,2668,529346
102565168,2593,529717
102565538,2502,530087
102565913,2405,530462
102566283,2301,530832
102566654,2194,531203
102567024,2084,531573
102567395,1974,531944
102567765,1863,532314
102568136,1756,532685
102568507,1656,533056
102568882,1561,533431
102569252,1480,533801
102569622,1408,534171
102569993,1347,534542
102570364,1302,534913
102570738,1274,535287
102571109,1257,535658
102571480,1254,536029
102571850,1273,536399
102572225,1305,536774
102572596,1347,537145
102572966,1404,537515
102573337,1480,537886
102573710,1565,538259
102574081,1656,538630
102574451,1756,539000
102574821,1860,539370
102575192,1976,539741
102575563,2089,540112
102575937,2201,540486
102576307,2304,540856
102576678,2408,541227
102577053,2503,541602
102577424,2592,541973
102577794,2669,542343
102578165,2732,542714
102578535,2785,543084
102578910,2824,543459
102579280,2845,543829
102579650,2855,544199
102580021,2847,544570
102580391,2821,544940
102580761,2781,545310
102581132,2731,545681
102581502,2661,546051
102581873,2583,546422
102582248,2494,546797
102582618,2396,547167
102582989,2293,547538
102583359,2187,547908
102583736,2072,548285
102584106,1962,548655
102584477,1851,549026
102584847,1743,549396
102585218,1644,549767
102585589,1551,550138
102585959,1466,550508
102586330,1400,550879
102586705,1342,551254
102587075,1296,551624
102587446,1265,551995
102587816,1254,552365
102588187,1255,552736
102588558,1271,553107
102588933,1304,553482
102589303,1354,553852
102589673,1416,554222
102590046,1490,554595
102590417,1572,554966
102590787,1667,555336
102591158,1768,555707
102591528,1873,556077
102591903,1986,556452
102592273,2096,556822
102592644,2207,557193
102593015,2315,557564
102593385,2417,557934
102593755,2514,558304
102594128,2601,558677
102594499,2679,559048
102594869,2741,559418
102595244,2796,559793
102595615,2832,560164
102595986,2852,560535
102596356,2854,560905
102596728,2840,561277
102597099,2817,561648
102597470,2776,562019
102597840,2721,562389
102598211,2654,562760
102598581,2574,563130
102598952,2485,563501
102599323,2387,563872
102599695,2283,564244
102600066,2172,564615
102600437,2062,564986
102600807,1954,565356
102601178,1840,565727
102601548,1737,566097
102601923,1637,566472
102602293,1542,566842
102602663,1464,567212
102603038,1397,567587
102603408,1337,567957
102603779,1297,568328
102604150,1269,568699
102604520,1254,569069
102604895,1259,569444
102605265,1275,569814
102605636,1309,570185
102606007,1357,570556
102606377,1418,570926
102606747,1497,571296
102607118,1578,571667
102607489,1674,572038
102607859,1776,572408
102608234,1881,572783
102608605,1996,573154
102608975,2108,573524
102609346,2220,573895
102609719,2325,574268
102610090,2429,574639
102610460,2522,575009
102610830,2609,575379
102611201,2686,575750
102611572,2747,576121
102611942,2792,576491
102612313,2829,576862
102612685,2848,577234
102613056,2853,577605
102613427,2843,577976
102613797,2812,578346
102614168,2773,578717
102614538,2716,579087
102614913,2648,579462
102615283,2571,579832
102615654,2486,580203
102616024,2382,580573
102616395,2275,580944
102616765,2166,581314
102617136,2051,581685
102617507,1939,582056
102617882,1829,582431
102618252,1728,582801
102618622,1627,583171
102618993,1537,583542
102619364,1460,583913
102619738,1388,584287
102620109,1334,584658
102620480,1292,585029
102620850,1265,585399
102621225,1254,585774
102621596,1258,586145
102621966,1280,586515
102622337,1316,586886
102622710,1365,587259
102623081,1431,587630
102623451,1503,588000
102623821,1591,588370
102624192,1687,588741
102624563,1786,589112
102624937,1894,589486
102625307,2003,589856
102625678,2116,590227
102626053,2225,590602
102626424,2334,590973
102626794,2436,591343
102627165,2530,591714
102627535,2614,592084
102627910,2692,592459
102628280,2749,592829
102628650,2798,593199
102629021,2834,593570
102629391,2850,593940
102629761,2852,594310
102630132,2842,594681
102630502,2810,595051
102630873,2768,595422
102631248,2709,595797
102631618,2639,596167
102631989,2557,596538
102632359,2468,596908
102632736,2366,597285
102633106,2259,597655
102633477,2149,598026
102633847,2036,598396
102634218,1927,598767
102634589,1819,599138
102634959,1716,599508
102635330,1622,599879
102635705,1534,600254
102636075,1452,600624
102636446,1380,600995
102636816,1327,601365
102637187,1288,601736
102637558,1263,602107
102637933,1252,602482
102638303,1262,602852
102638673,1283,603222
102639046,1321,603595
102639417,1371,603966
102639787,1433,604336
102640158,1512,604707
102640528,1599,605077
102640903,1695,605452
102641273,1802,605822
102641644,1910,606193
102642015,2017,606564
102642385,2133,606934
102642755,2240,607304
102643128,2345,607677
102643499,2452,608048
102643869,2540,608418
102644244,2625,608793
102644615,2698,609164
102644986,2760,609535
102645356,2800,609905
102645728,2832,610277
102646099,2849,610648
102646470,2849,611019
102646840,2837,611389
102647211,2805,611760
102647581,2759,612130
102647952,2702,612501
102648323,2630,612872
102648695,2548,613244
102649066,2456,613615
102649437,2351,613986
102649807,2250,614356
102650178,2139,614727
102650548,2026,615097
102650923,1918,615472
102651293,1811,615842
102651663,1703,616212
102652038,1606,616587
102652408,1520,616957
102652779,1440,617328
102653150,1375,617699
102653520,1323,618069
102653895,1285,618444
102654265,1260,618814
102654636,1254,619185
102655007,1266,619556
102655377,1289,619926
102655747,1328,620296
102656118,1379,620667
102656489,1442,621038
102656859,1518,621408
102657234,1609,621783
102657605,1705,622154
102657975,1807,622524
102658346,1916,622895
102658719,2028,623268
102659090,2141,623639
102659460,2250,624009
102659830,2358,624379
102660201,2457,624750
102660572,2549,625121
102660942,2635,625491
102661313,2703,625862
102661685,2765,626234
102662056,2806,626605
102662427,2838,626976
102662797,2855,627346
102663168,2851,627717
102663538,2832,628087
102663913,2803,628462
102664283,2756,628832
102664654,2697,629203
102665024,2623,629573
102665395,2542,629944
102665765,2446,630314
102666136,2346,630685
102666507,2239,631056
102666882,2130,631431
102667252,2016,631801
102667622,1905,632171
102667993,1800,632542
102668364,1693,632913
102668738,1598,633287
102669109,1512,633658
102669480,1437,634029
102669850,1369,634399
102670225,1318,634774
102670596,1282,635145
102670966,1261,635515
102671337,1255,635886
102671710,1263,636259
102672081,1289,636630
102672451,1329,637000
102672821,1384,637370
102673192,1448,637741
102673563,1528,638112
102673937,1617,638486
102674307,1714,638856
102674678,1821,639227
102675053,1933,639602
102675424,2046,639973
102675794,2155,640343
102676165,2264,640714
102676535,2367,641084
102676910,2467,641459
102677280,2558,641829
102677650,2640,642199
102678021,2709,642570
102678391,2767,642940
102678761,2810,643310
102679132,2839,643681
102679502,2854,644051
102679873,2849,644422
102680248,2832,644797
102680618,2798,645167
102680989,2752,645538
102681359,2692,645908
102681736,2618,646285
102682106,2529,646655
102682477,2439,647026
102682847,2338,647396
102683218,2227,647767
102683589,2115,648138
102683959,2006,648508
102684330,1894,648879
102684705,1786,649254
102685075,1680,649624
102685446,1588,649995
102685816,1500,650365
102686187,1421,650736
102686558,1363,651107
102686933,1313,651482
102687303,1277,651852
102687673,1260,652222
102688046,1252,652595
102688417,1266,652966
102688787,1293,653336
102689158,1332,653707
102689528,1388,654077
102689903,1457,654452
102690273,1540,654822
102690644,1628,655193
102691015,1727,655564
102691385,1835,655934
102691755,1942,656304
102692128,2051,656677
102692499,2163,657048
102692869,2272,657418
102693244,2377,657793
102693615,2475,658164
102693986,2569,658535
102694356,2649,658905
102694728,2717,659277
102695099,2774,659648
102695470,2820,660019
102695840,2846,660389
102696211,2856,660760
102696581,2851,661130
102696952,2827,661501
102697323,2795,661872
102697695,2744,662244
102698066,2684,662615
102698437,2607,662986
102698807,2521,663356
102699178,2426,663727
102699548,2326,664097
102699923,2215,664472
102700293,2105,664842
102700663,1997,665212
102701038,1883,665587
102701408,1773,665957
102701779,1673,666328
102702150,1580,666699
102702520,1492,667069
102702895,1421,667444
102703265,1359,667814
102703636,1310,668185
102704007,1273,668556
102704377,1257,668926
102704747,1254,669296
102705118,1262,669667
102705489,1293,670038
102705859,1337,670408
102706234,1393,670783
102706605,1461,671154
102706975,1544,671524
102707346,1635,671895
102707719,1733,672268
102708090,1840,672639
102708460,1947,673009
102708830,2063,673379
102709201,2174,673750
102709572,2281,674121
102709942,2388,674491
102710313,2486,674862
102710685,2575,675234
102711056,2654,675605
102711427,2723,675976
102711797,2778,676346
102712168,2817,676717
102712538,2845,677087
102712913,2849,677462
102713283,2848,677832
102713654,2827,678203
102714024,2791,678573
102714395,2742,678944
102714765,2676,679314
102715136,2605,679685
102715507,2518,680056
102715882,2423,680431
102716252,2316,680801
102716622,2204,681171
102716993,2095,681542
102717364,1984,681913
102717738,1872,682287
102718109,1765,682658
102718480,1665,683029
102718850,1573,683399
102719225,1486,683774
102719596,1414,684145
102719966,1354,684515
102720337,1306,684886
102720710,1275,685259
102721081,1257,685630
102721451,1254,686000
102721821,1268,686370
102722192,1299,686741
102722563,1341,687112
102722937,1400,687486
102723307,1471,687856
102723678,1554,688227
102724053,1648,688602
102724424,1747,688973
102724794,1854,689343
102725165,1959,689714
102725535,2072,690084
102725910,2183,690459
102726280,2290,690829
102726650,2398,691199
102727021,2494,691570
102727391,2579,691940
102727761,2660,692310
102728132,2728,692681
102728502,2779,693051
102728873,2818,693422
102729248,2845,693797
102729618,2851,694167
102729989,2843,694538
102730359,2823,694908
102730736,2784,695285
102731106,2734,695655
102731477,2668,696026
102731847,2590,696396
102732218,2503,696767
102732589,2408,697138
102732959,2302,697508
102733330,2195,697879
102733705,2083,698254
102734075,1974,698624
102734446,1862,698995
102734816,1756,699365
102735187,1661,699736
102735558,1568,700107
102735933,1483,700482
102736303,1407,700852
102736673,1348,701222
102737046,1302,701595
102737417,1272,701966
102737787,1256,702336
102738158,1256,702707
102738528,1270,703077
102738903,1301,703452
102739273,1348,703822
102739644,1409,704193
102740015,1480,704564
102740385,1565,704934
102740755,1655,705304
102741128,1757,705677
102741499,1863,706048
102741869,1974,706418
102742244,2089,706793
102742615,2198,707164
102742986,2305,707535
102743356,2406,707905
102743728,2506,708277
102744099,2592,708648
102744470,2670,709019
102744840,2735,709389
102745211,2782,709760
102745581,2820,710130
102745952,2843,710501
102746323,2851,710872
102746695,2843,711244
102747066,2818,711615
102747437,2780,711986
102747807,2725,712356
102748178,2662,712727
102748548,2582,713097
102748923,2492,713472
102749293,2394,713842
102749663,2292,714212
102750038,2184,714587
102750408,2076,714957
102750779,1960,715328
102751150,1850,715699
102751520,1748,716069
102751895,1644,716444
102752265,1551,716814
102752636,1470,717185
102753007,1403,717556
102753377,1342,717926
102753747,1299,718296
102754118,1273,718667
102754489,1255,719038
102754859,1259,719408
102755234,1278,719783
102755605,1316,720154
102755975,1359,720524
102756346,1415,720895
102756719,1488,721268
102757090,1574,721639
102757460,1669,722009
102757830,1768,722379
102758201,1873,722750
102758572,1984,723121
102758942,2095,723491
102759313,2204,723862
102759685,2315,724234
102760056,2414,724605
102760427,2513,724976
102760797,2599,725346
102761168,2676,725717
102761538,2740,726087
102761913,2793,726462
102762283,2826,726832
102762654,2849,727203
102763024,2853,727573
102763395,2842,727944
102763765,2816,728314
102764136,2777,728685
102764507,2723,729056
102764882,2653,729431
102765252,2573,729801
102765622,2485,730171
102765993,2385,730542
102766364,2279,730913
102766738,2172,731287
102767109,2061,731658
102767480,1948,732029
102767850,1837,732399
102768225,1733,732774
102768596,1635,733145
102768966,1544,733515
102769337,1464,733886
102769710,1392,734259
102770081,1340,734630
102770451,1298,735000
102770821,1268,735370
102771192,1258,735741
102771563,1260,736112
102771937,1274,736486
102772307,1309,736856
102772678,1360,737227
102773053,1421,737602
102773424,1496,737973
102773794,1581,738343
102774165,1677,738714
102774535,1778,739084
102774910,1889,739459
102775280,2005,739829
102775650,2115,740199
102776021,2223,740570
102776391,2329,740940
102776761,2427,741310
102777132,2525,741681
102777502,2608,742051
102777873,2686,742422
102778248,2746,742797
102778618,2794,743167
102778989,2832,743538
102779359,2848,743908
102779736,2852,744285
102780106,2839,744655
102780477,2813,745026
102780847,2770,745396
102781218,2712,745767
102781589,2645,746138
102781959,2565,746508
102782330,2474,746879
102782705,2373,747254
102783075,2269,747624
102783446,2160,747995
102783816,2049,748365
102784187,1938,748736
102784558,1828,749107
102784933,1722,749482
102785303,1620,749852
102785673,1533,750222
102786046,1452,750595
102786417,1385,750966
102786787,1331,751336
102787158,1286,751707
102787528,1262,752077
102787903,1255,752452
102788273,1258,752822
102788644,1280,753193
102789015,1315,753564
102789385,1365,753934
102789755,1433,754304
102790128,1505,754677
102790499,1591,755048
102790869,1686,755418
102791244,1789,755793
102791615,1900,756164
102791986,2009,756535
102792356,2122,756905
102792728,2229,757277
102793099,2338,757648
102793470,2439,758019
102793840,2534,758389
102794211,2619,758760
102794581,2692,759130
102794952,2754,759501
102795323,2804,759872
102795695,2835,760244
102796066,2853,760615
102796437,2852,760986
102796807,2836,761356
102797178,2809,761727
102797548,2766,762097
102797923,2710,762472
102798293,2637,762842
102798663,2555,763212
102799038,2463,763587
102799408,2365,763957
102799779,2260,764328
102800150,2149,764699
102800520,2038,765069
102800895,1928,765444
102801265,1817,765814
102801636,1711,766185
102802007,1615,766556
102802377,1526,766926
102802747,1446,767296
102803118,1381,767667
102803489,1327,768038
102803859,1288,768408
102804234,1261,768783
102804605,1256,769154
102804975,1259,769524
102805346,1277,769895
102805719,1316,770268
102806090,1369,770639
102806460,1434,771009
102806830,1510,771379
102807201,1596,771750
102807572,1696,772121
102807942,1796,772491
102808313,1907,772862
102808685,2018,773234
102809056,2130,773605
102809427,2239,773976
102809797,2348,774346
102810168,2449,774717
102810538,2540,775087
102810913,2624,775462
102811283,2698,775832
102811654,2755,776203
102812024,2803,776573
102812395,2834,776944
102812765,2850,777314
102813136,2850,777685
102813507,2836,778056
102813882,2806,778431
102814252,2758,778801
102814622,2704,779171
102814993,2636,779542
102815364,2553,779913
102815738,2463,780287
102816109,2359,780658
102816480,2250,781029
102816850,2140,781399
102817225,2028,781774
102817596,1918,782145
102817966,1806,782515
102818337,1701,782886
102818710,1606,783259
102819081,1516,783630
102819451,1443,784000
102819821,1375,784370
102820192,1322,784741
102820563,1285,785112
102820937,1264,785486
102821307,1254,785856
102821678,1262,786227
102822053,1285,786602
102822424,1328,786973
102822794,1377,787343
102823165,1444,787714
102823535,1523,788084
102823910,1607,788459
102824280,1707,788829
102824650,1810,789199
102825021,1915,789570
102825391,2029,789940
102825761,2138,790310
102826132,2246,790681
102826502,2355,791051
102826873,2457,791422
102827248,2548,791797
102827618,2632,792167
102827989,2703,792538
102828359,2760,792908
102828736,2806,793285
102829106,2836,793655
102829477,2851,794026
102829847,2849,794396
102830218,2832,794767
102830589,2801,795138
102830959,2755,795508
102831330,2700,795879
102831705,2621,796254
102832075,2539,796624
102832446,2444,796995
102832816,2347,797365
102833187,2238,797736
102833558,2128,798107
102833933,2016,798482
102834303,1903,798852
102834673,1796,799222
102835046,1696,799595
102835417,1602,799966
102835787,1515,800336
102836158,1435,800707
102836528,1370,801077
102836903,1318,801452
102837273,1282,801822
102837644,1257,802193
102838015,1255,802564
102838385,1265,802934
102838755,1288,803304
102839128,1330,803677
102839499,1382,804048
102839869,1449,804418
102840244,1532,804793
102840615,1618,805164
102840986,1718,805535
102841356,1822,805905
102841728,1932,806277
102842099,2043,806648
102842470,2153,807019
102842840,2261,807389
102843211,2368,807760
102843581,2467,808130
102843952,2558,808501
102844323,2640,808872
102844695,2710,809244
102845066,2766,809615
102845437,2809,809986
102845807,2841,810356
102846178,2850,810727
102846548,2848,811097
102846923,2830,811472
102847293,2793,811842
102847663,2747,812212
102848038,2689,812587
102848408,2613,812957
102848779,2527,813328
102849150,2435,813699
102849520,2333,814069
102849895,2224,814444
102850265,2117,814814
102850636,2007,815185
102851007,1892,815556
102851377,1789,815926
102851747,1684,816296
102852118,1587,816667
102852489,1499,817038
102852859,1425,817408
102853234,1366,817783
102853605,1313,818154
102853975,1281,818524
102854346,1261,818895
102854719,1254,819268
102855090,1271,819639
102855460,1297,820009
102855830,1337,820379
102856201,1391,820750
102856572,1457,821121
102856942,1538,821491
102857313,1627,821862
102857685,1725,822234
102858056,1832,822605
102858427,1940,822976
102858797,2050,823346
102859168,2163,823717
102859538,2272,824087
102859913,2378,824462
102860283,2479,824832
102860654,2568,825203
102861024,2647,825573
102861395,2714,825944
102861765,2771,826314
102862136,2814,826685
102862507,2840,827056
102862882,2851,827431
102863252,2850,827801
102863622,2828,828171
102863993,2793,828542
102864364,2745,828913
102864738,2684,829287
102865109,2605,829658
102865480,2517,830029
102865850,2423,830399
102866225,2323,830774
102866596,2215,831145
102866966,2105,831515
102867337,1994,831886
102867710,1882,832259
102868081,1775,832630
102868451,1673,833000
102868821,1576,833370
102869192,1494,833741
102869563,1420,834112
102869937,1358,834486
102870307,1311,834856
102870678,1276,835227
102871053,1257,835602
102871424,1256,835973
102871794,1269,836343
102872165,1295,836714
102872535,1338,837084
102872910,1397,837459
102873280,1466,837829
102873650,1548,838199
102874021,1641,838570
102874391,1739,838940
102874761,1845,839310
102875132,1960,839681
102875502,2068,840051
102875873,2179,840422
102876248,2286,840797
102876618,2387,841167
102876989,2487,841538
102877359,2578,841908
102877736,2657,842285
102878106,2725,842655
102878477,2778,843026
102878847,2816,843396
102879218,2844,843767
102879589,2855,844138
102879959,2845,844508
102880330,2826,844879
102880705,2789,845254
102881075,2740,845624
102881446,2672,845995
102881816,2597,846365
102882187,2511,846736
102882558,2415,847107
102882933,2309,847482
102883303,2205,847852
102883673,2094,848222
102884046,1984,848595
102884417,1871,848966
102884787,1765,849336
102885158,1662,849707
102885528,1567,850077
102885903,1482,850452
102886273,1411,850822
102886644,1353,851193
102887015,1303,851564
102887385,1273,851934
102887755,1255,852304
102888128,1253,852677
102888499,1272,853048
102888869,1300,853418
102889244,1344,853793
102889615,1402,854164
102889986,1479,854535
102890356,1557,854905
102890728,1647,855277
102891099,1749,855648
102891470,1856,856019
102891840,1967,856389
102892211,2076,856760
102892581,2187,857130
102892952,2298,857501
102893323,2398,857872
102893695,2498,858244
102894066,2585,858615
102894437,2661,858986
102894807,2732,859356
102895178,2787,859727
102895548,2824,860097
102895923,2848,860472
102896293,2855,860842
102896663,2847,861212
102897038,2824,861587
102897408,2788,861957
102897779,2729,862328
102898150,2667,862699
102898520,2590,863069
102898895,2501,863444
102899265,2403,863814
102899636,2304,864185
102900007,2194,864556
102900377,2080,864926
102900747,1970,865296
102901118,1862,865667
102901489,1755,866038
102901859,1652,866408
102902234,1562,866783
102902605,1477,867154
102902975,1405,867524
102903346,1348,867895
102903719,1298,868268
102904090,1271,868639
102904460,1255,869009
102904830,1255,869379
102905201,1270,869750
102905572,1301,870121
102905942,1349,870491
102906313,1406,870862
102906685,1480,871234
102907056,1563,871605
102907427,1655,871976
102907797,1759,872346
102908168,1862,872717
102908538,1971,873087
102908913,2086,873462
102909283,2195,873832
102909654,2304,874203
102910024,2408,874573
102910395,2506,874944
102910765,2592,875314
102911136,2671,875685
102911507,2739,876056
102911882,2784,876431
102912252,2823,876801
102912622,2846,877171
102912993,2853,877542
102913364,2845,877913
102913738,2820,878287
102914109,2781,878658
102914480,2728,879029
102914850,2662,879399
102915225,2586,879774
102915596,2498,880145
102915966,2397,880515
102916337,2292,880886
102916710,2182,881259
102917081,2072,881630
102917451,1959,882000
102917821,1850,882370
102918192,1745,882741
102918563,1644,883112
102918937,1551,883486
102919307,1474,883856
102919678,1399,884227
102920053,1345,884602
102920424,1298,884973
102920794,1269,885343
102921165,1256,885714
102921535,1257,886084
102921910,1274,886459
102922280,1307,886829
102922650,1355,887199
102923021,1415,887570
102923391,1489,887940
102923761,1572,888310
102924132,1667,888681
102924502,1768,889051
102924873,1875,889422
102925248,1982,889797
102925618,2095,890167
102925989,2206,890538
102926359,2313,890908
102926736,2418,891285
102927106,2513,891655
102927477,2599,892026
102927847,2679,892396
102928218,2740,892767
102928589,2789,893138
102928959,2828,893508
102929330,2846,893879
102929705,2852,894254
102930075,2840,894624
102930446,2819,894995
102930816,2775,895365
102931187,2719,895736
102931558,2654,896107
102931933,2574,896482
102932303,2482,896852
102932673,2386,897222
102933046,2278,897595
102933417,2171,897966
102933787,2062,898336
102934158,1948,898707
102934528,1841,899077
102934903,1735,899452
102935273,1638,899822
102935644,1550,900193
102936015,1464,900564
102936385,1393,900934
102936755,1336,901304
102937128,1293,901677
102937499,1267,902048
102937869,1254,902418
102938244,1258,902793
102938615,1277,903164
102938986,1313,903535
102939356,1361,903905
102939728,1424,904277
102940099,1497,904648
102940470,1583,905019
102940840,1677,905389
102941211,1780,905760
102941581,1885,906130
102941952,1996,906501
102942323,2110,906872
102942695,2219,907244
102943066,2327,907615
102943437,2432,907986
102943807,2524,908356
102944178,2608,908727
102944548,2686,909097
102944923,2745,909472
102945293,2793,909842
102945663,2830,910212
102946038,2846,910587
102946408,2852,910957
102946779,2838,911328
102947150,2810,911699
102947520,2765,912069
102947895,2714,912444
102948265,2645,912814
102948636,2563,913185
102949007,2469,913556
102949377,2375,913926
102949747,2270,914296
102950118,2157,914667
102950489,2049,915038
102950859,1937,915408
102951234,1827,915783
102951605,1721,916154
102951975,1624,916524
102952346,1535,916895
102952719,1453,917268
102953090,1387,917639
102953460,1330,918009
102953830,1291,918379
102954201,1266,918750
102954572,1253,919121
102954942,1262,919491
102955313,1285,919862
102955685,1321,920234
102956056,1367,920605
102956427,1431,920976
102956797,1504,921346
102957168,1591,921717
102957538,1687,922087
102957913,1787,922462
102958283,1897,922832
102958654,2007,923203
102959024,2118,923573
102959395,2230,923944
102959765,2337,924314
102960136,2438,924685
102960507,2531,925056
102960882,2616,925431
102961252,2690,925801
102961622,2750,926171
102961993,2799,926542
102962364,2832,926913
102962738,2849,927287
102963109,2849,927658
102963480,2839,928029
102963850,2810,928399
102964225,2766,928774
102964596,2706,929145
102964966,2636,929515
102965337,2552,929886
102965710,2462,930259
102966081,2362,930630
102966451,2257,931000
102966821,2147,931370
102967192,2035,931741
102967563,1925,932112
102967937,1817,932486
102968307,1715,932856
102968678,1615,933227
102969053,1525,933602
102969424,1448,933973
102969794,1381,934343
102970165,1327,934714
102970535,1285,935084
102970910,1263,935459
102971280,1254,935829
102971650,1260,936199
102972021,1282,936570
102972391,1319,936940
102972761,1370,937310
102973132,1435,937681
102973502,1516,938051
102973873,1600,938422
102974248,1698,938797
102974618,1802,939167
102974989,1912,939538
102975359,2024,939908
102975736,2138,940285
102976106,2244,940655
102976477,2353,941026
102976847,2449,941396
102977218,2542,941767
102977589,2629,942138
102977959,2697,942508
102978330,2756,942879
102978705,2803,943254
102979075,2838,943624
102979446,2850,943995
102979816,2848,944365
102980187,2839,944736
102980558,2805,945107
102980933,2761,945482
102981303,2702,945852
102981673,2629,946222
102982046,2546,946595
102982417,2456,946966
102982787,2354,947336
102983158,2247,947707
102983528,2140,948077
102983903,2024,948452
102984273,1913,948822
102984644,1805,949193
102985015,1701,949564
102985385,1605,949934
102985755,1514,950304
102986128,1438,950677
102986499,1372,951048
102986869,1320,951418
102987244,1281,951793
102987615,1258,952164
102987986,1252,952535
102988356,1261,952905
102988728,1285,953277
102989099,1322,953648
102989470,1378,954019
102989840,1444,954389
102990211,1522,954760
102990581,1610,955130
102990952,1709,955501
102991323,1814,955872
102991695,1921,956244
102992066,2033,956615
102992437,2144,956986
102992807,2253,957356
102993178,2362,957727
102993548,2458,958097
102993923,2552,958472
102994293,2634,958842
102994663,2706,959212
102995038,2767,959587
102995408,2820,959957
102995779,2843,960328
102996150,2852,960699
102996520,2853,961069
102996895,2833,961444
102997265,2802,961814
102997636,2755,962185
102998007,2698,962556
102998377,2622,962926
102998747,2538,963296
102999118,2448,963667
102999489,2343,964038
102999859,2236,964408
103000234,2125,964783
103000605,2017,965154
103000975,1904,965524
103001346,1796,965895
103001719,1691,966268
103002090,1597,966639
103002460,1512,967009
103002830,1432,967379
103003201,1368,967750
103003572,1319,968121
103003942,1281,968491
103004313,1257,968862
103004685,1254,969234
103005056,1260,969605
103005427,1286,969976
103005797,1327,970346
103006168,1380,970717
103006538,1447,971087
103006913,1530,971462
103007283,1617,971832
103007654,1716,972203
103008024,1820,972573
103008395,1927,972944
103008765,2039,973314
103009136,2153,973685
103009507,2262,974056
103009882,2368,974431
103010252,2470,974801
103010622,2561,975171
103010993,2641,975542
103011364,2709,975913
103011738,2769,976287
103012109,2813,976658
103012480,2839,977029
103012850,2852,977399
103013225,2848,977774
103013596,2834,978145
103013966,2797,978515
103014337,2751,978886
103014710,2690,979259
103015081,2620,979630
103015451,2537,980000
103015821,2441,980370
103016192,2337,980741
103016563,2228,981112
103016937,2112,981486
103017307,2004,981856
103017678,1892,982227
103018053,1784,982602
103018424,1680,982973
103018794,1587,983343
103019165,1501,983714
103019535,1424,984084
103019910,1363,984459
103020280,1317,984829
103020650,1278,985199
103021021,1259,985570
103021391,1258,985940
103021761,1267,986310
103022132,1292,986681
103022502,1337,987051
103022873,1390,987422
103023248,1459,987797
103023618,1539,988167
103023989,1630,988538
103024359,1728,988908
103024736,1834,989285
103025106,1939,989655
103025477,2054,990026
103025847,2163,990396
103026218,2270,990767
103026589,2377,991138
103026959,2476,991508
103027330,2566,991879
103027705,2647,992254
103028075,2717,992624
103028446,2772,992995
103028816,2812,993365
103029187,2843,993736
103029558,2852,994107
103029933,2849,994482
103030303,2830,994852
103030673,2792,995222
103031046,2744,995595
103031417,2683,995966
103031787,2605,996336
103032158,2520,996707
103032528,2427,997077
103032903,2320,997452
103033273,2212,997822
103033644,2103,998193
103034015,1995,998564
103034385,1881,998934
103034755,1774,999304
103035128,1677,999677
103035499,1582,1000048
103035869,1495,1000418
103036244,1415,1000793
103036615,1358,1001164
103036986,1309,1001535
103037356,1274,1001905
103037728,1257,1002277
103038099,1253,1002648
103038470,1268,1003019
103038840,1296,1003389
103039211,1338,1003760
103039581,1396,1004130
103039952,1465,1004501
103040323,1551,1004872
103040695,1639,1005244
103041066,1740,1005615
103041437,1844,1005986
103041807,1953,1006356
103042178,2067,1006727
103042548,2177,1007097
103042923,2285,1007472
103043293,2389,1007842
103043663,2488,1008212
103044038,2580,1008587
103044408,2660,1008957
103044779,2724,1009328
103045150,2774,1009699
103045520,2817,1010069
103045895,2843,1010444
103046265,2850,1010814
103046636,2848,1011185
103047007,2827,1011556
103047377,2785,1011926
103047747,2734,1012296
103048118,2673,1012667
103048489,2597,1013038
103048859,2508,1013408
103049234,2413,1013783
103049605,2313,1014154
103049975,2203,1014524
103050346,2092,1014895
103050719,1978,1015268
103051090,1869,1015639
103051460,1765,1016009
103051830,1662,1016379
103052201,1567,1016750
103052572,1486,1017121
103052942,1412,1017491
103053313,1353,1017862
103053685,1305,1018234
103054056,1271,1018605
103054427,1257,1018976
103054797,1257,1019346
103055168,1275,1019717
103055538,1304,1020087
103055913,1348,1020462
103056283,1402,1020832
103056654,1471,1021203
103057024,1556,1021573
103057395,1647,1021944
103057765,1745,1022314
103058136,1853,1022685
103058507,1963,1023056
103058882,2074,1023431
103059252,2185,1023801
103059622,2295,1024171
103059993,2399,1024542
103060364,2493,1024913
103060738,2585,1025287
103061109,2666,1025658
103061480,2729,1026029
103061850,2781,1026399
103062225,2822,1026774
103062596,2848,1027145
103062966,2853,1027515
103063337,2846,1027886
103063710,2823,1028259
103064081,2782,1028630
103064451,2734,1029000
103064821,2666,1029370
103065192,2585,1029741
103065563,2500,1030112
103065937,2401,1030486
103066307,2300,1030856
103066678,2189,1031227
103067053,2077,1031602
103067424,1966,1031973
103067794,1858,1032343
103068165,1751,1032714
103068535,1653,1033084
103068910,1557,1033459
103069280,1477,1033829
103069650,1405,1034199
103070021,1344,1034570
103070391,1301,1034940
103070761,1270,1035310
103071132,1254,1035681
103071502,1258,1036051
103071873,1274,1036422
103072248,1303,1036797
103072618,1351,1037167
103072989,1410,1037538
103073359,1482,1037908
103073736,1566,1038285
103074106,1661,1038655
103074477,1761,1039026
103074847,1869,1039396
103075218,1982,1039767
103075589,2093,1040138
103075959,2200,1040508
103076330,2310,1040879
103076705,2411,1041254
103077075,2507,1041624
103077446,2593,1041995
103077816,2674,1042365
103078187,2736,1042736
103078558,2787,1043107
103078933,2824,1043482
103079303,2846,1043852
103079673,2853,1044222
103080046,2841,1044595
103080417,2818,1044966
103080787,2779,1045336
103081158,2725,1045707
103081528,2659,1046077
103081903,2581,1046452
103082273,2490,1046822
103082644,2390,1047193
103083015,2290,1047564
103083385,2181,1047934
103083755,2069,1048304
