Time (s),Voltage (V)
-0.05,-6.0
-0.049960000000000004,-7.0
-0.049920000000000006,-6.0
-0.04988,-6.0
-0.04984,-7.0
-0.049800000000000004,-9.0
-0.049760000000000006,-9.0
-0.04972,-8.0
-0.04968,-9.0
-0.049640000000000004,-9.0
-0.049600000000000005,-9.0
-0.04956,-9.0
-0.04952,-9.0
-0.04948,-10.0
-0.049440000000000005,-10.0
-0.0494,-10.0
-0.04936,-9.0
-0.04932,-9.0
-0.049280000000000004,-9.0
-0.049240000000000006,-10.0
-0.0492,-11.0
-0.04916,-11.0
-0.049120000000000004,-10.0
-0.049080000000000006,-10.0
-0.04904,-10.0
-0.049,-11.0
-0.048960000000000004,-11.0
-0.048920000000000005,-12.0
-0.04888,-12.0
-0.04884,-12.0
-0.0488,-11.0
-0.048760000000000005,-12.0
-0.04872,-11.0
-0.04868,-12.0
-0.04864,-13.0
-0.048600000000000004,-13.0
-0.048560000000000006,-13.0
-0.04852,-13.0
-0.04848,-13.0
-0.048440000000000004,-13.0
-0.048400000000000006,-13.0
-0.04836,-14.0
-0.04832,-14.0
-0.04828,-12.0
-0.048240000000000005,-13.0
-0.0482,-12.0
-0.04816,-11.0
-0.04812,-11.0
-0.048080000000000005,-10.0
-0.04804,-12.0
-0.048,-11.0
-0.04796,-11.0
-0.047920000000000004,-11.0
-0.047880000000000006,-11.0
-0.04784,-11.0
-0.0478,-11.0
-0.047760000000000004,-13.0
-0.047720000000000005,-14.0
-0.04768,-13.0
-0.04764,-13.0
-0.0476,-14.0
-0.047560000000000005,-14.0
-0.04752,-18.0
-0.04748,-16.0
-0.04744,-15.0
-0.047400000000000005,-15.0
-0.04736,-14.0
-0.04732,-15.0
-0.04728,-14.0
-0.047240000000000004,-17.0
-0.047200000000000006,-16.0
-0.04716,-15.0
-0.04712,-16.0
-0.047080000000000004,-14.0
-0.047040000000000005,-14.0
-0.047,-14.0
-0.04696,-15.0
-0.04692,-14.0
-0.046880000000000005,-16.0
-0.04684,-15.0
-0.0468,-16.0
-0.04676,-15.0
-0.046720000000000005,-15.0
-0.04668,-16.0
-0.04664,-17.0
-0.0466,-17.0
-0.046560000000000004,-17.0
-0.046520000000000006,-21.0
-0.04648,-18.0
-0.04644,-16.0
-0.046400000000000004,-17.0
-0.046360000000000005,-18.0
-0.04632,-19.0
-0.04628,-18.0
-0.04624,-17.0
-0.046200000000000005,-16.0
-0.04616,-16.0
-0.04612,-16.0
-0.04608,-17.0
-0.046040000000000005,-16.0
-0.046,-17.0
-0.04596,-17.0
-0.04592,-17.0
-0.045880000000000004,-15.0
-0.045840000000000006,-15.0
-0.0458,-16.0
-0.04576,-15.0
-0.045720000000000004,-16.0
-0.045680000000000005,-19.0
-0.04564,-19.0
-0.0456,-20.0
-0.04556,-21.0
-0.045520000000000005,-25.0
-0.04548,-23.0
-0.04544,-24.0
-0.0454,-24.0
-0.045360000000000004,-25.0
-0.04532,-24.0
-0.04528,-24.0
-0.04524,-25.0
-0.045200000000000004,-25.0
-0.045160000000000006,-25.0
-0.04512,-25.0
-0.04508,-25.0
-0.045040000000000004,-23.0
-0.045000000000000005,-23.0
-0.04496,-23.0
-0.04492,-23.0
-0.04488,-23.0
-0.044840000000000005,-22.0
-0.0448,-21.0
-0.04476,-20.0
-0.04472,-19.0
-0.044680000000000004,-19.0
-0.04464,-19.0
-0.0446,-20.0
-0.04456,-21.0
-0.044520000000000004,-22.0
-0.044480000000000006,-23.0
-0.04444,-20.0
-0.0444,-21.0
-0.044360000000000004,-22.0
-0.044320000000000005,-22.0
-0.04428,-24.0
-0.04424,-25.0
-0.0442,-25.0
-0.044160000000000005,-25.0
-0.04412,-25.0
-0.04408,-25.0
-0.04404,-26.0
-0.044000000000000004,-26.0
-0.04396,-26.0
-0.04392,-26.0
-0.04388,-25.0
-0.043840000000000004,-25.0
-0.043800000000000006,-25.0
-0.04376,-25.0
-0.04372,-25.0
-0.043680000000000004,-25.0
-0.043640000000000005,-23.0
-0.0436,-23.0
-0.04356,-22.0
-0.04352,-21.0
-0.043480000000000005,-20.0
-0.04344,-20.0
-0.0434,-18.0
-0.04336,-19.0
-0.043320000000000004,-17.0
-0.04328,-16.0
-0.04324,-15.0
-0.0432,-14.0
-0.043160000000000004,-15.0
-0.043120000000000006,-15.0
-0.04308,-15.0
-0.04304,-14.0
-0.043000000000000003,-14.0
-0.042960000000000005,-13.0
-0.04292,-13.0
-0.04288,-14.0
-0.04284,-13.0
-0.042800000000000005,-14.0
-0.04276,-13.0
-0.04272,-11.0
-0.04268,-11.0
-0.042640000000000004,-10.0
-0.0426,-10.0
-0.04256,-11.0
-0.04252,-10.0
-0.042480000000000004,-9.0
-0.042440000000000005,-8.0
-0.0424,-7.0
-0.04236,-7.0
-0.04232,-6.0
-0.042280000000000005,-7.0
-0.04224,-6.0
-0.0422,-6.0
-0.04216,-5.0
-0.042120000000000005,-5.0
-0.042080000000000006,-5.0
-0.04204,-4.0
-0.042,-5.0
-0.041960000000000004,-5.0
-0.04192,-5.0
-0.04188,-4.0
-0.04184,-4.0
-0.041800000000000004,-4.0
-0.041760000000000005,-2.0
-0.04172,-4.0
-0.04168,-3.0
-0.04164,-3.0
-0.0416,-3.0
-0.04156,-2.0
-0.04152,-3.0
-0.04148,0.0
-0.041440000000000005,-2.0
-0.041400000000000006,-3.0
-0.04136,-2.0
-0.04132,-2.0
-0.041280000000000004,-2.0
-0.04124,-2.0
-0.0412,-1.0
-0.04116,-2.0
-0.041120000000000004,-2.0
-0.041080000000000005,-2.0
-0.04104,-2.0
-0.041,-2.0
-0.04096,-1.0
-0.04092,0.0
-0.04088,-1.0
-0.04084,0.0
-0.0408,-1.0
-0.040760000000000005,-1.0
-0.040720000000000006,-1.0
-0.04068,0.0
-0.04064,1.0
-0.040600000000000004,0.0
-0.04056,0.0
-0.04052,-2.0
-0.04048,0.0
-0.040440000000000004,-1.0
-0.040400000000000005,1.0
-0.04036,1.0
-0.04032,2.0
-0.04028,2.0
-0.04024,2.0
-0.0402,2.0
-0.04016,2.0
-0.04012,4.0
-0.040080000000000005,5.0
-0.040040000000000006,5.0
-0.04,6.0
-0.03996,6.0
-0.039920000000000004,7.0
-0.03988,8.0
-0.03984,9.0
-0.0398,10.0
-0.039760000000000004,9.0
-0.039720000000000005,10.0
-0.03968,10.0
-0.03964,10.0
-0.0396,10.0
-0.03956,10.0
-0.03952,9.0
-0.03948,11.0
-0.03944,11.0
-0.039400000000000004,11.0
-0.039360000000000006,11.0
-0.03932,10.0
-0.03928,10.0
-0.039240000000000004,10.0
-0.0392,11.0
-0.03916,11.0
-0.03912,10.0
-0.039080000000000004,11.0
-0.039040000000000005,11.0
-0.039,11.0
-0.03896,12.0
-0.03892,12.0
-0.03888,12.0
-0.03884,12.0
-0.0388,13.0
-0.03876,13.0
-0.038720000000000004,13.0
-0.038680000000000006,12.0
-0.03864,13.0
-0.0386,14.0
-0.038560000000000004,14.0
-0.03852,15.0
-0.03848,13.0
-0.03844,12.0
-0.038400000000000004,13.0
-0.038360000000000005,13.0
-0.03832,14.0
-0.03828,14.0
-0.03824,12.0
-0.0382,12.0
-0.03816,12.0
-0.03812,11.0
-0.03808,11.0
-0.038040000000000004,12.0
-0.038000000000000006,12.0
-0.03796,11.0
-0.03792,11.0
-0.037880000000000004,11.0
-0.03784,11.0
-0.0378,13.0
-0.03776,14.0
-0.037720000000000004,14.0
-0.037680000000000005,14.0
-0.03764,14.0
-0.0376,15.0
-0.03756,16.0
-0.03752,16.0
-0.03748,16.0
-0.03744,17.0
-0.0374,15.0
-0.037360000000000004,15.0
-0.037320000000000006,16.0
-0.03728,15.0
-0.03724,15.0
-0.037200000000000004,15.0
-0.03716,17.0
-0.03712,17.0
-0.03708,16.0
-0.037040000000000003,15.0
-0.037000000000000005,15.0
-0.03696,16.0
-0.03692,16.0
-0.03688,17.0
-0.03684,17.0
-0.0368,17.0
-0.03676,16.0
-0.03672,15.0
-0.036680000000000004,16.0
-0.036640000000000006,17.0
-0.0366,18.0
-0.03656,19.0
-0.036520000000000004,19.0
-0.03648,18.0
-0.03644,17.0
-0.0364,17.0
-0.03636,18.0
-0.036320000000000005,19.0
-0.03628,19.0
-0.03624,18.0
-0.0362,17.0
-0.03616,17.0
-0.03612,16.0
-0.03608,16.0
-0.03604,17.0
-0.036000000000000004,17.0
-0.035960000000000006,17.0
-0.03592,16.0
-0.03588,16.0
-0.035840000000000004,15.0
-0.0358,16.0
-0.03576,17.0
-0.03572,18.0
-0.03568,19.0
-0.035640000000000005,20.0
-0.0356,20.0
-0.03556,22.0
-0.03552,23.0
-0.03548,23.0
-0.03544,23.0
-0.0354,24.0
-0.03536,25.0
-0.035320000000000004,25.0
-0.035280000000000006,25.0
-0.03524,25.0
-0.0352,25.0
-0.035160000000000004,24.0
-0.03512,26.0
-0.03508,25.0
-0.03504,25.0
-0.035,24.0
-0.034960000000000005,23.0
-0.03492,23.0
-0.03488,24.0
-0.03484,22.0
-0.0348,22.0
-0.03476,20.0
-0.03472,19.0
-0.03468,18.0
-0.034640000000000004,20.0
-0.034600000000000006,20.0
-0.03456,21.0
-0.03452,20.0
-0.034480000000000004,21.0
-0.03444,22.0
-0.0344,21.0
-0.03436,21.0
-0.03432,23.0
-0.034280000000000005,25.0
-0.03424000000000001,25.0
-0.0342,26.0
-0.03416,25.0
-0.03412,26.0
-0.03408,26.0
-0.03404,27.0
-0.034,27.0
-0.033960000000000004,27.0
-0.033920000000000006,27.0
-0.03388,26.0
-0.03384,26.0
-0.0338,25.0
-0.03376,25.0
-0.03372,24.0
-0.03368,24.0
-0.03364,24.0
-0.033600000000000005,22.0
-0.033560000000000006,22.0
-0.03352,20.0
-0.03348,20.0
-0.03344,20.0
-0.0334,20.0
-0.03336,18.0
-0.03332,18.0
-0.033280000000000004,16.0
-0.033240000000000006,16.0
-0.0332,16.0
-0.03316,15.0
-0.03312,15.0
-0.03308,14.0
-0.03304,15.0
-0.033,14.0
-0.03296,13.0
-0.032920000000000005,13.0
-0.032880000000000006,14.0
-0.03284,15.0
-0.0328,14.0
-0.03276,12.0
-0.03272,12.0
-0.03268,11.0
-0.03264,11.0
-0.032600000000000004,11.0
-0.032560000000000006,11.0
-0.03252,10.0
-0.03248,10.0
-0.03244,9.0
-0.0324,9.0
-0.03236,7.0
-0.03232,8.0
-0.03228,7.0
-0.032240000000000005,8.0
-0.032200000000000006,7.0
-0.03216,7.0
-0.03212,5.0
-0.03208,5.0
-0.03204,5.0
-0.032,5.0
-0.03196,6.0
-0.031920000000000004,5.0
-0.031880000000000006,5.0
-0.03184,4.0
-0.0318,4.0
-0.03176,3.0
-0.03172,3.0
-0.03168,4.0
-0.03164,4.0
-0.0316,4.0
-0.031560000000000005,3.0
-0.031520000000000006,3.0
-0.03148,3.0
-0.03144,3.0
-0.0314,3.0
-0.03136,3.0
-0.03132,3.0
-0.03128,4.0
-0.03124,4.0
-0.031200000000000002,2.0
-0.03116,3.0
-0.031120000000000002,2.0
-0.03108,2.0
-0.03104,3.0
-0.031,1.0
-0.03096,2.0
-0.03092,2.0
-0.03088,0.0
-0.030840000000000003,2.0
-0.0308,3.0
-0.030760000000000003,1.0
-0.03072,2.0
-0.030680000000000002,1.0
-0.03064,1.0
-0.030600000000000002,0.0
-0.03056,1.0
-0.030520000000000002,1.0
-0.03048,2.0
-0.030440000000000002,1.0
-0.0304,1.0
-0.03036,0.0
-0.03032,-1.0
-0.03028,-2.0
-0.03024,-2.0
-0.0302,-2.0
-0.030160000000000003,-2.0
-0.03012,-3.0
-0.030080000000000003,-4.0
-0.03004,-5.0
-0.030000000000000002,-5.0
-0.02996,-5.0
-0.029920000000000002,-6.0
-0.02988,-8.0
-0.029840000000000002,-7.0
-0.0298,-8.0
-0.02976,-8.0
-0.02972,-10.0
-0.02968,-8.0
-0.02964,-8.0
-0.0296,-9.0
-0.02956,-9.0
-0.02952,-10.0
-0.029480000000000003,-10.0
-0.02944,-11.0
-0.029400000000000003,-10.0
-0.02936,-11.0
-0.029320000000000002,-9.0
-0.02928,-10.0
-0.029240000000000002,-10.0
-0.0292,-11.0
-0.029160000000000002,-11.0
-0.02912,-11.0
-0.02908,-10.0
-0.02904,-10.0
-0.029,-10.0
-0.02896,-11.0
-0.02892,-12.0
-0.02888,-13.0
-0.02884,-11.0
-0.028800000000000003,-11.0
-0.02876,-11.0
-0.028720000000000002,-10.0
-0.02868,-12.0
-0.028640000000000002,-11.0
-0.0286,-14.0
-0.028560000000000002,-13.0
-0.02852,-13.0
-0.028480000000000002,-13.0
-0.02844,-13.0
-0.0284,-12.0
-0.02836,-14.0
-0.02832,-13.0
-0.02828,-14.0
-0.02824,-14.0
-0.0282,-11.0
-0.02816,-10.0
-0.028120000000000003,-10.0
-0.02808,-11.0
-0.028040000000000002,-10.0
-0.028,-10.0
-0.027960000000000002,-11.0
-0.02792,-11.0
-0.027880000000000002,-11.0
-0.02784,-11.0
-0.027800000000000002,-11.0
-0.02776,-11.0
-0.02772,-13.0
-0.02768,-14.0
-0.02764,-12.0
-0.0276,-14.0
-0.02756,-15.0
-0.02752,-14.0
-0.02748,-14.0
-0.027440000000000003,-15.0
-0.0274,-15.0
-0.027360000000000002,-16.0
-0.02732,-15.0
-0.027280000000000002,-15.0
-0.02724,-14.0
-0.027200000000000002,-15.0
-0.02716,-16.0
-0.027120000000000002,-16.0
-0.02708,-15.0
-0.02704,-14.0
-0.027,-14.0
-0.02696,-15.0
-0.02692,-15.0
-0.02688,-18.0
-0.02684,-16.0
-0.0268,-15.0
-0.026760000000000003,-15.0
-0.02672,-15.0
-0.026680000000000002,-15.0
-0.02664,-15.0
-0.026600000000000002,-16.0
-0.02656,-17.0
-0.026520000000000002,-17.0
-0.02648,-17.0
-0.02644,-17.0
-0.0264,-17.0
-0.02636,-18.0
-0.02632,-17.0
-0.02628,-18.0
-0.02624,-18.0
-0.0262,-17.0
-0.02616,-17.0
-0.02612,-15.0
-0.026080000000000002,-15.0
-0.02604,-16.0
-0.026000000000000002,-18.0
-0.02596,-16.0
-0.025920000000000002,-16.0
-0.02588,-18.0
-0.025840000000000002,-15.0
-0.0258,-16.0
-0.02576,-16.0
-0.02572,-17.0
-0.02568,-16.0
-0.02564,-18.0
-0.0256,-20.0
-0.02556,-20.0
-0.02552,-22.0
-0.02548,-23.0
-0.02544,-24.0
-0.025400000000000002,-25.0
-0.02536,-25.0
-0.025320000000000002,-24.0
-0.02528,-24.0
-0.025240000000000002,-24.0
-0.0252,-24.0
-0.025160000000000002,-24.0
-0.02512,-25.0
-0.02508,-25.0
-0.02504,-25.0
-0.025,-24.0
-0.02496,-23.0
-0.02492,-24.0
-0.02488,-25.0
-0.02484,-23.0
-0.0248,-21.0
-0.02476,-21.0
-0.024720000000000002,-19.0
-0.02468,-19.0
-0.024640000000000002,-19.0
-0.0246,-20.0
-0.024560000000000002,-21.0
-0.02452,-21.0
-0.024480000000000002,-22.0
-0.02444,-22.0
-0.0244,-22.0
-0.02436,-22.0
-0.02432,-23.0
-0.02428,-24.0
-0.02424,-25.0
-0.0242,-24.0
-0.02416,-25.0
-0.02412,-26.0
-0.02408,-25.0
-0.024040000000000002,-26.0
-0.024,-27.0
-0.023960000000000002,-28.0
-0.02392,-27.0
-0.023880000000000002,-28.0
-0.02384,-25.0
-0.0238,-24.0
-0.02376,-25.0
-0.02372,-24.0
-0.02368,-24.0
-0.02364,-23.0
-0.0236,-22.0
-0.02356,-20.0
-0.02352,-20.0
-0.02348,-19.0
-0.02344,-19.0
-0.0234,-19.0
-0.023360000000000002,-17.0
-0.02332,-17.0
-0.023280000000000002,-16.0
-0.02324,-15.0
-0.023200000000000002,-14.0
-0.02316,-15.0
-0.02312,-15.0
-0.02308,-16.0
-0.02304,-15.0
-0.023,-13.0
-0.02296,-14.0
-0.02292,-14.0
-0.02288,-14.0
-0.02284,-13.0
-0.0228,-13.0
-0.02276,-13.0
-0.02272,-11.0
-0.022680000000000002,-10.0
-0.02264,-9.0
-0.022600000000000002,-9.0
-0.02256,-10.0
-0.022520000000000002,-10.0
-0.02248,-9.0
-0.02244,-8.0
-0.0224,-8.0
-0.02236,-7.0
-0.02232,-6.0
-0.02228,-5.0
-0.02224,-7.0
-0.0222,-6.0
-0.02216,-6.0
-0.02212,-5.0
-0.02208,-5.0
-0.02204,-4.0
-0.022000000000000002,-4.0
-0.02196,-5.0
-0.021920000000000002,-5.0
-0.02188,-4.0
-0.021840000000000002,-4.0
-0.0218,-3.0
-0.02176,-3.0
-0.02172,-2.0
-0.02168,-3.0
-0.02164,-4.0
-0.0216,-4.0
-0.02156,-2.0
-0.02152,-3.0
-0.02148,-2.0
-0.02144,-2.0
-0.0214,-2.0
-0.02136,-2.0
-0.021320000000000002,-2.0
-0.02128,-2.0
-0.021240000000000002,-1.0
-0.0212,-2.0
-0.02116,0.0
-0.02112,-1.0
-0.02108,-1.0
-0.02104,-1.0
-0.021,-1.0
-0.02096,-1.0
-0.02092,0.0
-0.02088,2.0
-0.02084,0.0
-0.0208,-2.0
-0.02076,-1.0
-0.02072,-1.0
-0.02068,-1.0
-0.020640000000000002,0.0
-0.0206,0.0
-0.020560000000000002,0.0
-0.02052,-1.0
-0.02048,0.0
-0.02044,-1.0
-0.0204,0.0
-0.02036,1.0
-0.02032,2.0
-0.02028,2.0
-0.02024,1.0
-0.0202,2.0
-0.02016,2.0
-0.02012,3.0
-0.02008,4.0
-0.02004,6.0
-0.02,7.0
-0.019960000000000002,6.0
-0.01992,7.0
-0.019880000000000002,10.0
-0.01984,8.0
-0.0198,9.0
-0.01976,9.0
-0.01972,9.0
-0.01968,10.0
-0.01964,12.0
-0.0196,8.0
-0.01956,10.0
-0.01952,11.0
-0.01948,11.0
-0.01944,11.0
-0.0194,11.0
-0.01936,11.0
-0.01932,10.0
-0.01928,10.0
-0.01924,11.0
-0.019200000000000002,12.0
-0.01916,11.0
-0.01912,11.0
-0.01908,11.0
-0.01904,10.0
-0.019,11.0
-0.01896,11.0
-0.01892,11.0
-0.01888,16.0
-0.01884,12.0
-0.0188,12.0
-0.01876,12.0
-0.01872,12.0
-0.018680000000000002,13.0
-0.018639999999999997,15.0
-0.0186,15.0
-0.01856,14.0
-0.018520000000000002,14.0
-0.018480000000000003,14.0
-0.018439999999999998,12.0
-0.0184,14.0
-0.01836,13.0
-0.018320000000000003,14.0
-0.018279999999999998,13.0
-0.01824,13.0
-0.0182,12.0
-0.018160000000000003,12.0
-0.018119999999999997,12.0
-0.01808,10.0
-0.01804,11.0
-0.018000000000000002,12.0
-0.017959999999999997,12.0
-0.01792,12.0
-0.01788,11.0
-0.01784,11.0
-0.017800000000000003,12.0
-0.017759999999999998,13.0
-0.01772,13.0
-0.01768,15.0
-0.017640000000000003,16.0
-0.017599999999999998,15.0
-0.01756,15.0
-0.01752,15.0
-0.017480000000000002,15.0
-0.017439999999999997,16.0
-0.0174,17.0
-0.01736,16.0
-0.017320000000000002,16.0
-0.017279999999999997,15.0
-0.01724,15.0
-0.0172,15.0
-0.01716,17.0
-0.017120000000000003,17.0
-0.017079999999999998,16.0
-0.01704,16.0
-0.017,15.0
-0.016960000000000003,15.0
-0.016919999999999998,15.0
-0.01688,15.0
-0.01684,16.0
-0.016800000000000002,16.0
-0.016759999999999997,16.0
-0.01672,16.0
-0.01668,16.0
-0.016640000000000002,18.0
-0.016599999999999997,16.0
-0.01656,18.0
-0.01652,18.0
-0.01648,19.0
-0.016440000000000003,19.0
-0.016399999999999998,18.0
-0.01636,18.0
-0.01632,18.0
-0.016280000000000003,19.0
-0.016239999999999997,19.0
-0.0162,18.0
-0.01616,18.0
-0.016120000000000002,16.0
-0.016079999999999997,16.0
-0.01604,17.0
-0.016,16.0
-0.015960000000000002,17.0
-0.015919999999999997,17.0
-0.01588,15.0
-0.01584,15.0
-0.0158,16.0
-0.015760000000000003,16.0
-0.015719999999999998,17.0
-0.01568,18.0
-0.01564,21.0
-0.015600000000000003,21.0
-0.015559999999999997,22.0
-0.015519999999999999,21.0
-0.01548,24.0
-0.015440000000000002,24.0
-0.015399999999999997,25.0
-0.015359999999999999,26.0
-0.01532,25.0
-0.015280000000000002,25.0
-0.015239999999999997,24.0
-0.015199999999999998,24.0
-0.01516,25.0
-0.015120000000000001,25.0
-0.015080000000000003,24.0
-0.015039999999999998,25.0
-0.015,24.0
-0.014960000000000001,23.0
-0.014920000000000003,23.0
-0.014879999999999997,23.0
-0.014839999999999999,23.0
-0.0148,21.0
-0.014760000000000002,21.0
-0.014719999999999997,20.0
-0.014679999999999999,20.0
-0.01464,20.0
-0.014600000000000002,20.0
-0.014559999999999997,20.0
-0.014519999999999998,21.0
-0.01448,22.0
-0.014440000000000001,21.0
-0.014400000000000003,22.0
-0.014359999999999998,22.0
-0.01432,21.0
-0.014280000000000001,24.0
-0.014240000000000003,24.0
-0.014199999999999997,25.0
-0.014159999999999999,25.0
-0.01412,25.0
-0.014080000000000002,25.0
-0.014039999999999997,26.0
-0.013999999999999999,26.0
-0.01396,28.0
-0.013920000000000002,27.0
-0.013879999999999997,27.0
-0.013839999999999998,26.0
-0.0138,25.0
-0.013760000000000001,25.0
-0.013720000000000003,25.0
-0.013679999999999998,24.0
-0.01364,24.0
-0.013600000000000001,22.0
-0.013560000000000003,22.0
-0.013519999999999997,20.0
-0.013479999999999999,19.0
-0.01344,20.0
-0.013400000000000002,19.0
-0.013359999999999997,19.0
-0.013319999999999999,18.0
-0.01328,17.0
-0.013240000000000002,17.0
-0.013199999999999996,16.0
-0.013159999999999998,16.0
-0.01312,15.0
-0.013080000000000001,15.0
-0.013040000000000003,15.0
-0.012999999999999998,15.0
-0.01296,15.0
-0.012920000000000001,14.0
-0.012880000000000003,13.0
-0.012839999999999997,12.0
-0.012799999999999999,13.0
-0.01276,13.0
-0.012720000000000002,13.0
-0.012679999999999997,11.0
-0.012639999999999998,12.0
-0.0126,11.0
-0.012560000000000002,10.0
-0.012519999999999996,10.0
-0.012479999999999998,11.0
-0.01244,9.0
-0.012400000000000001,9.0
-0.012360000000000003,8.0
-0.012319999999999998,7.0
-0.01228,7.0
-0.012240000000000001,7.0
-0.012200000000000003,7.0
-0.012159999999999997,7.0
-0.012119999999999999,6.0
-0.01208,5.0
-0.012040000000000002,4.0
-0.011999999999999997,5.0
-0.011959999999999998,5.0
-0.01192,5.0
-0.011880000000000002,6.0
-0.011839999999999996,5.0
-0.011799999999999998,3.0
-0.01176,3.0
-0.011720000000000001,3.0
-0.011680000000000003,4.0
-0.011639999999999998,5.0
-0.0116,4.0
-0.01156,4.0
-0.011520000000000002,4.0
-0.011479999999999997,3.0
-0.011439999999999999,2.0
-0.0114,4.0
-0.011360000000000002,3.0
-0.011319999999999997,3.0
-0.011279999999999998,2.0
-0.01124,2.0
-0.011200000000000002,2.0
-0.011159999999999996,1.0
-0.011119999999999998,1.0
-0.01108,2.0
-0.011040000000000001,3.0
-0.011000000000000003,3.0
-0.010959999999999998,2.0
-0.01092,2.0
-0.01088,1.0
-0.010840000000000002,1.0
-0.010799999999999997,1.0
-0.010759999999999999,1.0
-0.01072,2.0
-0.010680000000000002,2.0
-0.010639999999999997,1.0
-0.010599999999999998,1.0
-0.01056,0.0
-0.010520000000000002,1.0
-0.010479999999999996,1.0
-0.010439999999999998,2.0
-0.0104,1.0
-0.010360000000000001,0.0
-0.010320000000000003,-1.0
-0.010279999999999997,-1.0
-0.010239999999999999,-1.0
-0.0102,-2.0
-0.010160000000000002,-1.0
-0.010119999999999997,-2.0
-0.010079999999999999,-2.0
-0.01004,-4.0
-0.010000000000000002,-4.0
-0.009959999999999997,-6.0
-0.009919999999999998,-6.0
-0.00988,-6.0
-0.009840000000000002,-6.0
-0.009799999999999996,-8.0
-0.009759999999999998,-9.0
-0.00972,-9.0
-0.009680000000000001,-10.0
-0.009640000000000003,-10.0
-0.009599999999999997,-9.0
-0.009559999999999999,-9.0
-0.00952,-10.0
-0.009480000000000002,-10.0
-0.009439999999999997,-9.0
-0.009399999999999999,-10.0
-0.00936,-10.0
-0.009320000000000002,-9.0
-0.009279999999999997,-9.0
-0.009239999999999998,-10.0
-0.0092,-9.0
-0.009160000000000001,-10.0
-0.009119999999999996,-11.0
-0.009079999999999998,-11.0
-0.00904,-10.0
-0.009000000000000001,-10.0
-0.008960000000000003,-11.0
-0.008919999999999997,-11.0
-0.008879999999999999,-12.0
-0.00884,-12.0
-0.008800000000000002,-12.0
-0.008759999999999997,-12.0
-0.008719999999999999,-12.0
-0.00868,-11.0
-0.008640000000000002,-12.0
-0.008599999999999997,-13.0
-0.008559999999999998,-14.0
-0.00852,-13.0
-0.008480000000000001,-12.0
-0.008439999999999996,-14.0
-0.008399999999999998,-13.0
-0.00836,-13.0
-0.008320000000000001,-12.0
-0.008280000000000003,-13.0
-0.008239999999999997,-13.0
-0.008199999999999999,-11.0
-0.00816,-11.0
-0.008120000000000002,-10.0
-0.008079999999999997,-11.0
-0.008039999999999999,-11.0
-0.008,-11.0
-0.007960000000000002,-10.0
-0.007919999999999996,-11.0
-0.007879999999999998,-11.0
-0.00784,-11.0
-0.007800000000000001,-10.0
-0.007759999999999996,-12.0
-0.007719999999999998,-13.0
-0.007679999999999999,-13.0
-0.007640000000000001,-14.0
-0.007600000000000003,-14.0
-0.007559999999999997,-14.0
-0.007519999999999999,-14.0
-0.0074800000000000005,-14.0
-0.007440000000000002,-15.0
-0.007399999999999997,-15.0
-0.0073599999999999985,-15.0
-0.00732,-15.0
-0.007280000000000002,-16.0
-0.0072399999999999964,-15.0
-0.007199999999999998,-14.0
-0.00716,-16.0
-0.007120000000000001,-15.0
-0.007079999999999996,-15.0
-0.007039999999999998,-14.0
-0.006999999999999999,-15.0
-0.006960000000000001,-14.0
-0.0069200000000000025,-15.0
-0.006879999999999997,-15.0
-0.006839999999999999,-15.0
-0.0068000000000000005,-16.0
-0.006760000000000002,-15.0
-0.006719999999999997,-15.0
-0.0066799999999999984,-15.0
-0.00664,-15.0
-0.006600000000000002,-17.0
-0.006559999999999996,-17.0
-0.006519999999999998,-17.0
-0.00648,-17.0
-0.006440000000000001,-17.0
-0.006399999999999996,-17.0
-0.006359999999999998,-17.0
-0.006319999999999999,-18.0
-0.006280000000000001,-18.0
-0.0062400000000000025,-18.0
-0.006199999999999997,-18.0
-0.006159999999999999,-16.0
-0.0061200000000000004,-15.0
-0.006080000000000002,-15.0
-0.006039999999999997,-16.0
-0.005999999999999998,-16.0
-0.00596,-16.0
-0.005920000000000002,-16.0
-0.005879999999999996,-16.0
-0.005839999999999998,-15.0
-0.0058,-15.0
-0.005760000000000001,-16.0
-0.005719999999999996,-16.0
-0.0056799999999999976,-17.0
-0.005639999999999999,-18.0
-0.005600000000000001,-20.0
-0.0055600000000000024,-21.0
-0.005519999999999997,-20.0
-0.005479999999999999,-22.0
-0.00544,-23.0
-0.005400000000000002,-24.0
-0.005359999999999997,-24.0
-0.005319999999999998,-24.0
-0.00528,-24.0
-0.005240000000000002,-24.0
-0.005199999999999996,-24.0
-0.005159999999999998,-23.0
-0.0051199999999999996,-25.0
-0.005080000000000001,-24.0
-0.005039999999999996,-24.0
-0.0049999999999999975,-24.0
-0.004959999999999999,-23.0
-0.004920000000000001,-23.0
-0.004880000000000002,-23.0
-0.004839999999999997,-22.0
-0.004799999999999999,-23.0
-0.00476,-21.0
-0.004720000000000002,-21.0
-0.004679999999999997,-20.0
-0.004639999999999998,-16.0
-0.0046,-19.0
-0.0045600000000000016,-21.0
-0.004519999999999996,-20.0
-0.004479999999999998,-22.0
-0.0044399999999999995,-21.0
-0.004400000000000001,-22.0
-0.004359999999999996,-21.0
-0.0043199999999999975,-22.0
-0.004279999999999999,-24.0
-0.004240000000000001,-25.0
-0.004200000000000002,-25.0
-0.004159999999999997,-27.0
-0.004119999999999999,-25.0
-0.00408,-26.0
-0.004040000000000002,-26.0
-0.003999999999999997,-26.0
-0.003959999999999998,-28.0
-0.00392,-27.0
-0.0038800000000000015,-26.0
-0.003839999999999996,-25.0
-0.003799999999999998,-24.0
-0.0037599999999999995,-23.0
-0.003720000000000001,-23.0
-0.0036799999999999958,-24.0
-0.0036399999999999974,-20.0
-0.003599999999999999,-23.0
-0.0035600000000000007,-21.0
-0.0035200000000000023,-20.0
-0.003479999999999997,-18.0
-0.0034399999999999986,-19.0
-0.0034000000000000002,-19.0
-0.003360000000000002,-18.0
-0.0033199999999999966,-17.0
-0.003279999999999998,-17.0
-0.00324,-17.0
-0.0032000000000000015,-14.0
-0.003159999999999996,-15.0
-0.0031199999999999978,-15.0
-0.0030799999999999994,-15.0
-0.003040000000000001,-15.0
-0.0029999999999999957,-15.0
-0.0029599999999999974,-13.0
-0.002919999999999999,-13.0
-0.0028800000000000006,-12.0
-0.0028400000000000022,-14.0
-0.002799999999999997,-13.0
-0.0027599999999999986,-12.0
-0.00272,-13.0
-0.002680000000000002,-12.0
-0.0026399999999999965,-8.0
-0.002599999999999998,-10.0
-0.0025599999999999998,-10.0
-0.0025200000000000014,-9.0
-0.002479999999999996,-9.0
-0.0024399999999999977,-9.0
-0.0023999999999999994,-8.0
-0.002360000000000001,-8.0
-0.0023199999999999957,-7.0
-0.0022799999999999973,-6.0
-0.002239999999999999,-5.0
-0.0022000000000000006,-5.0
-0.002160000000000002,-6.0
-0.002119999999999997,-5.0
-0.0020799999999999985,-4.0
-0.00204,-3.0
-0.0020000000000000018,-4.0
-0.0019599999999999965,-5.0
-0.001919999999999998,-4.0
-0.0018799999999999997,-4.0
-0.0018400000000000014,-4.0
-0.001799999999999996,-3.0
-0.0017599999999999977,-3.0
-0.0017199999999999993,-2.0
-0.001680000000000001,-3.0
-0.0016399999999999956,-4.0
-0.0015999999999999973,-3.0
-0.0015599999999999989,-3.0
-0.0015200000000000005,-2.0
-0.0014800000000000021,-2.0
-0.0014399999999999968,0.0
-0.0013999999999999985,-2.0
-0.00136,-2.0
-0.0013200000000000017,-2.0
-0.0012799999999999964,-2.0
-0.001239999999999998,-2.0
-0.0011999999999999997,-1.0
-0.0011600000000000013,-1.0
-0.001119999999999996,-1.0
-0.0010799999999999976,-1.0
-0.0010399999999999993,-1.0
-0.0010000000000000009,-2.0
-0.0009599999999999956,-2.0
-0.0009199999999999972,-1.0
-0.0008799999999999988,-1.0
-0.0008400000000000005,-1.0
-0.0008000000000000021,-1.0
-0.0007599999999999968,-1.0
-0.0007199999999999984,-2.0
-0.00068,-1.0
-0.0006400000000000017,0.0
-0.0005999999999999964,1.0
-0.000559999999999998,0.0
-0.0005199999999999996,1.0
-0.00048000000000000126,0.0
-0.00043999999999999595,-1.0
-0.0003999999999999976,0.0
-0.0003599999999999992,0.0
-0.00032000000000000084,1.0
-0.00027999999999999553,2.0
-0.00023999999999999716,2.0
-0.0001999999999999988,2.0
-0.00016000000000000042,3.0
-0.00012000000000000205,4.0
-7.999999999999674e-05,3.0
-3.999999999999837e-05,4.0
0.0,6.0
3.999999999999837e-05,6.0
8.000000000000368e-05,7.0
0.00012000000000000205,7.0
0.00016000000000000042,8.0
0.0001999999999999988,9.0
0.0002400000000000041,10.0
0.00028000000000000247,11.0
0.00032000000000000084,12.0
0.0003599999999999992,11.0
0.0004000000000000045,11.0
0.0004400000000000029,10.0
0.00048000000000000126,9.0
0.0005199999999999996,10.0
0.000559999999999998,10.0
0.0006000000000000033,11.0
0.0006400000000000017,11.0
0.00068,11.0
0.0007199999999999984,10.0
0.0007600000000000037,9.0
0.0008000000000000021,11.0
0.0008400000000000005,11.0
0.0008799999999999988,11.0
0.0009200000000000041,12.0
0.0009600000000000025,11.0
0.0010000000000000009,12.0
0.0010399999999999993,11.0
0.0010800000000000046,11.0
0.001120000000000003,12.0
0.0011600000000000013,13.0
0.0011999999999999997,13.0
0.001239999999999998,13.0
0.0012800000000000034,13.0
0.0013200000000000017,14.0
0.00136,12.0
0.0013999999999999985,13.0
0.0014400000000000038,14.0
0.0014800000000000021,14.0
0.0015200000000000005,13.0
0.0015599999999999989,13.0
0.0016000000000000042,14.0
0.0016400000000000026,12.0
0.001680000000000001,12.0
0.0017199999999999993,13.0
0.0017600000000000046,13.0
0.001800000000000003,15.0
0.0018400000000000014,13.0
0.0018799999999999997,12.0
0.001919999999999998,11.0
0.0019600000000000034,11.0
0.0020000000000000018,12.0
0.00204,12.0
0.0020799999999999985,13.0
0.002120000000000004,11.0
0.002160000000000002,12.0
0.0022000000000000006,12.0
0.002239999999999999,12.0
0.0022800000000000042,14.0
0.0023200000000000026,13.0
0.002360000000000001,15.0
0.0023999999999999994,14.0
0.0024400000000000047,14.0
0.002480000000000003,15.0
0.0025200000000000014,15.0
0.0025599999999999998,16.0
0.002599999999999998,17.0
0.0026400000000000035,17.0
0.002680000000000002,16.0
0.00272,16.0
0.0027599999999999986,16.0
0.002800000000000004,16.0
0.0028400000000000022,16.0
0.0028800000000000006,15.0
0.002919999999999999,16.0
0.0029600000000000043,15.0
0.0030000000000000027,15.0
0.003040000000000001,16.0
0.0030799999999999994,16.0
0.0031200000000000047,15.0
0.003160000000000003,16.0
0.0032000000000000015,16.0
0.00324,17.0
0.003279999999999998,16.0
0.0033200000000000035,16.0
0.003360000000000002,16.0
0.0034000000000000002,16.0
0.0034399999999999986,18.0
0.003480000000000004,18.0
0.0035200000000000023,18.0
0.0035600000000000007,19.0
0.003599999999999999,18.0
0.0036400000000000043,17.0
0.0036800000000000027,18.0
0.003720000000000001,18.0
0.0037599999999999995,18.0
0.0038000000000000048,19.0
0.003840000000000003,17.0
0.0038800000000000015,18.0
0.00392,16.0
0.003959999999999998,15.0
0.0040000000000000036,17.0
0.004040000000000002,16.0
0.00408,16.0
0.004119999999999999,17.0
0.004160000000000004,15.0
0.004200000000000002,15.0
0.004240000000000001,16.0
0.004279999999999999,16.0
0.004320000000000004,17.0
0.004360000000000003,19.0
0.004400000000000001,21.0
0.0044399999999999995,21.0
0.004480000000000005,23.0
0.004520000000000003,21.0
0.0045600000000000016,22.0
0.0046,24.0
0.004639999999999998,25.0
0.004680000000000004,25.0
0.004720000000000002,24.0
0.00476,25.0
0.004799999999999999,24.0
0.004840000000000004,24.0
0.004880000000000002,24.0
0.004920000000000001,26.0
0.004959999999999999,25.0
0.0050000000000000044,24.0
0.005040000000000003,24.0
0.005080000000000001,23.0
0.0051199999999999996,22.0
0.005160000000000005,23.0
0.005200000000000003,22.0
0.005240000000000002,21.0
0.00528,21.0
0.005319999999999998,19.0
0.005360000000000004,20.0
0.005400000000000002,19.0
0.00544,19.0
0.005479999999999999,21.0
0.005520000000000004,20.0
0.0055600000000000024,22.0
0.005600000000000001,24.0
0.005639999999999999,22.0
0.0056800000000000045,23.0
0.005720000000000003,23.0
0.005760000000000001,25.0
0.0058,25.0
0.005840000000000005,26.0
0.005880000000000003,25.0
0.005920000000000002,26.0
0.00596,25.0
0.005999999999999998,26.0
0.006040000000000004,25.0
0.006080000000000002,26.0
0.0061200000000000004,27.0
0.006159999999999999,25.0
0.006200000000000004,24.0
0.0062400000000000025,24.0
0.006280000000000001,24.0
0.006319999999999999,24.0
0.0063600000000000045,22.0
0.006400000000000003,23.0
0.006440000000000001,21.0
0.00648,21.0
0.006520000000000005,20.0
0.006560000000000003,20.0
0.006600000000000002,19.0
0.00664,19.0
0.0066799999999999984,18.0
0.006720000000000004,18.0
0.006760000000000002,17.0
0.0068000000000000005,16.0
0.006839999999999999,16.0
0.006880000000000004,15.0
0.0069200000000000025,15.0
0.006960000000000001,15.0
0.006999999999999999,15.0
0.007040000000000005,14.0
0.007080000000000003,14.0
0.007120000000000001,13.0
0.00716,13.0
0.007200000000000005,12.0
0.007240000000000003,13.0
0.007280000000000002,12.0
0.00732,13.0
0.0073599999999999985,16.0
0.007400000000000004,11.0
0.007440000000000002,10.0
0.0074800000000000005,11.0
0.007519999999999999,10.0
0.007560000000000004,10.0
0.007600000000000003,9.0
0.007640000000000001,8.0
0.007679999999999999,7.0
0.007720000000000005,7.0
0.007760000000000003,6.0
0.007800000000000001,7.0
0.00784,7.0
0.007880000000000005,7.0
0.007920000000000003,6.0
0.007960000000000002,4.0
0.008,4.0
0.008039999999999999,4.0
0.008080000000000004,4.0
0.008120000000000002,5.0
0.00816,5.0
0.008199999999999999,4.0
0.008240000000000004,4.0
0.008280000000000003,4.0
0.008320000000000001,5.0
0.00836,7.0
0.008400000000000005,4.0
0.008440000000000003,4.0
0.008480000000000001,3.0
0.00852,3.0
0.008560000000000005,2.0
0.008600000000000003,2.0
0.008640000000000002,2.0
0.00868,2.0
0.008719999999999999,2.0
0.008760000000000004,3.0
0.008800000000000002,3.0
0.00884,3.0
0.008879999999999999,2.0
0.008920000000000004,2.0
0.008960000000000003,3.0
0.009000000000000001,1.0
0.00904,2.0
0.009080000000000005,2.0
0.009120000000000003,1.0
0.009160000000000001,2.0
0.0092,2.0
0.009240000000000005,1.0
0.009280000000000004,3.0
0.009320000000000002,1.0
0.00936,4.0
0.009399999999999999,1.0
0.009440000000000004,1.0
0.009480000000000002,1.0
0.00952,1.0
0.009559999999999999,2.0
0.009600000000000004,1.0
0.009640000000000003,1.0
0.009680000000000001,0.0
0.00972,-1.0
0.009760000000000005,-1.0
0.009800000000000003,-1.0
0.009840000000000002,-2.0
0.00988,-2.0
0.009920000000000005,-2.0
0.009960000000000004,-4.0
0.010000000000000002,-5.0
0.01004,-7.0
0.010079999999999999,-6.0
0.010120000000000004,-7.0
0.010160000000000002,-7.0
0.0102,-7.0
0.010239999999999999,-8.0
0.010280000000000004,-9.0
0.010320000000000003,-10.0
0.010360000000000001,-8.0
0.0104,-9.0
0.010440000000000005,-10.0
0.010480000000000003,-9.0
0.010520000000000002,-11.0
0.01056,-9.0
0.010600000000000005,-11.0
0.010640000000000004,-11.0
0.010680000000000002,-9.0
0.01072,-9.0
0.010759999999999999,-9.0
0.010800000000000004,-9.0
0.010840000000000002,-10.0
0.01088,-10.0
0.01092,-11.0
0.010960000000000004,-11.0
0.011000000000000003,-10.0
0.011040000000000001,-11.0
0.01108,-10.0
0.011120000000000005,-13.0
0.011160000000000003,-11.0
0.011200000000000002,-12.0
0.01124,-13.0
0.011280000000000005,-12.0
0.011320000000000004,-11.0
0.011360000000000002,-13.0
0.0114,-12.0
0.011440000000000006,-12.0
0.011480000000000004,-13.0
0.011520000000000002,-13.0
0.01156,-13.0
0.0116,-12.0
0.011640000000000005,-12.0
0.011680000000000003,-14.0
0.011720000000000001,-13.0
0.01176,-13.0
0.011800000000000005,-13.0
0.011840000000000003,-12.0
0.011880000000000002,-11.0
0.01192,-10.0
0.011960000000000005,-10.0
0.012000000000000004,-10.0
0.012040000000000002,-11.0
0.01208,-10.0
0.012120000000000006,-11.0
0.012160000000000004,-11.0
0.012200000000000003,-10.0
0.012240000000000001,-12.0
0.01228,-11.0
0.012320000000000005,-12.0
0.012360000000000003,-14.0
0.012400000000000001,-14.0
0.01244,-15.0
0.012480000000000005,-13.0
0.012520000000000003,-14.0
0.012560000000000002,-15.0
0.0126,-15.0
0.012639999999999998,-16.0
0.012679999999999997,-16.0
0.012720000000000009,-12.0
0.012760000000000007,-14.0
0.012800000000000006,-15.0
0.012840000000000004,-14.0
0.012880000000000003,-15.0
0.012920000000000001,-15.0
0.01296,-15.0
0.012999999999999998,-15.0
0.013039999999999996,-15.0
0.013080000000000008,-14.0
0.013120000000000007,-14.0
0.013160000000000005,-15.0
0.013200000000000003,-15.0
0.013240000000000002,-16.0
0.01328,-15.0
0.013319999999999999,-15.0
0.013359999999999997,-16.0
0.013400000000000009,-15.0
0.013440000000000007,-17.0
0.013480000000000006,-17.0
0.013520000000000004,-17.0
0.013560000000000003,-18.0
0.013600000000000001,-17.0
0.01364,-17.0
0.013679999999999998,-17.0
0.013719999999999996,-13.0
0.013760000000000008,-17.0
0.013800000000000007,-19.0
0.013840000000000005,-17.0
0.013880000000000003,-16.0
0.013920000000000002,-15.0
0.01396,-15.0
0.013999999999999999,-15.0
0.014039999999999997,-16.0
0.01408000000000001,-16.0
0.014120000000000008,-16.0
0.014160000000000006,-16.0
0.014200000000000004,-15.0
0.014240000000000003,-16.0
0.014280000000000001,-15.0
0.01432,-16.0
0.014359999999999998,-19.0
0.014399999999999996,-20.0
0.014440000000000008,-21.0
0.014480000000000007,-21.0
0.014520000000000005,-22.0
0.014560000000000003,-22.0
0.014600000000000002,-24.0
0.01464,-24.0
0.014679999999999999,-25.0
0.014719999999999997,-19.0
0.01476000000000001,-25.0
0.014800000000000008,-24.0
0.014840000000000006,-23.0
0.014880000000000004,-24.0
0.014920000000000003,-24.0
0.014960000000000001,-25.0
0.015,-23.0
0.015039999999999998,-25.0
0.015079999999999996,-23.0
0.015120000000000008,-23.0
0.015160000000000007,-21.0
0.015200000000000005,-22.0
0.015240000000000004,-21.0
0.015280000000000002,-19.0
0.01532,-19.0
0.015359999999999999,-19.0
0.015399999999999997,-19.0
0.01544000000000001,-19.0
0.015480000000000008,-20.0
0.015520000000000006,-21.0
0.015560000000000004,-20.0
0.015600000000000003,-21.0
0.01564,-22.0
0.01568,-23.0
0.015719999999999998,-18.0
0.015759999999999996,-24.0
0.01580000000000001,-24.0
0.015840000000000007,-25.0
0.015880000000000005,-27.0
0.015920000000000004,-25.0
0.015960000000000002,-26.0
0.016,-25.0
0.01604,-26.0
0.016079999999999997,-26.0
0.01612000000000001,-26.0
0.016160000000000008,-25.0
0.016200000000000006,-25.0
0.016240000000000004,-24.0
0.016280000000000003,-24.0
0.01632,-25.0
0.01636,-24.0
0.016399999999999998,-23.0
0.016439999999999996,-23.0
0.01648000000000001,-20.0
0.016520000000000007,-20.0
0.016560000000000005,-18.0
0.016600000000000004,-19.0
0.016640000000000002,-18.0
0.01668,-17.0
0.01672,-13.0
0.016759999999999997,-16.0
0.01680000000000001,-15.0
0.016840000000000008,-14.0
0.016880000000000006,-13.0
0.016920000000000004,-14.0
0.016960000000000003,-15.0
0.017,-14.0
0.01704,-13.0
0.017079999999999998,-14.0
0.017119999999999996,-13.0
0.01716000000000001,-13.0
0.017200000000000007,-13.0
0.017240000000000005,-12.0
0.017280000000000004,-12.0
0.017320000000000002,-12.0
0.01736,-12.0
0.0174,-10.0
0.017439999999999997,-9.0
0.01748000000000001,-11.0
0.017520000000000008,-9.0
0.017560000000000006,-8.0
0.017600000000000005,-8.0
0.017640000000000003,-8.0
0.01768,-8.0
0.01772,-2.0
0.017759999999999998,-5.0
0.017799999999999996,-6.0
0.01784000000000001,-6.0
0.017880000000000007,-6.0
0.017920000000000005,-6.0
0.017960000000000004,-4.0
0.018000000000000002,-5.0
0.01804,-4.0
0.01808,-5.0
0.018119999999999997,-5.0
0.01816000000000001,-3.0
0.018200000000000008,-5.0
0.018240000000000006,-3.0
0.018280000000000005,-4.0
0.018320000000000003,-2.0
0.01836,-2.0
0.0184,-2.0
0.018439999999999998,-3.0
0.018479999999999996,-2.0
0.01852000000000001,-2.0
0.018560000000000007,-1.0
0.018600000000000005,-1.0
0.018640000000000004,-2.0
0.018680000000000002,-2.0
0.01872,-1.0
0.01876,-2.0
0.018799999999999997,-3.0
0.01884000000000001,-2.0
0.018880000000000008,-2.0
0.018920000000000006,-1.0
0.018960000000000005,-2.0
0.019000000000000003,-2.0
0.01904,-1.0
0.01908,-1.0
0.019119999999999998,0.0
0.019159999999999996,-1.0
0.01920000000000001,1.0
0.019240000000000007,-1.0
0.019280000000000005,0.0
0.019320000000000004,-1.0
0.019360000000000002,-1.0
0.0194,0.0
0.01944,1.0
0.019479999999999997,1.0
0.01952000000000001,1.0
0.019560000000000008,0.0
0.019600000000000006,-1.0
0.019640000000000005,1.0
0.019680000000000003,0.0
0.01972,4.0
0.01976,2.0
0.019799999999999998,2.0
0.019839999999999997,3.0
0.01988000000000001,3.0
0.019920000000000007,3.0
0.019960000000000006,5.0
0.020000000000000004,6.0
0.020040000000000002,7.0
0.02008,7.0
0.02012,7.0
0.020159999999999997,8.0
0.02020000000000001,9.0
0.020240000000000008,9.0
0.020280000000000006,9.0
0.020320000000000005,10.0
0.020360000000000003,11.0
0.0204,10.0
0.02044,11.0
0.020479999999999998,10.0
0.020519999999999997,9.0
0.02056000000000001,11.0
0.020600000000000007,11.0
0.020640000000000006,11.0
0.020680000000000004,11.0
0.020720000000000002,11.0
0.02076,9.0
0.0208,10.0
0.020839999999999997,10.0
0.02088000000000001,11.0
0.020920000000000008,11.0
0.020960000000000006,12.0
0.021000000000000005,11.0
0.021040000000000003,11.0
0.02108,11.0
0.02112,11.0
0.021159999999999998,11.0
0.021199999999999997,12.0
0.02124000000000001,13.0
0.021280000000000007,13.0
0.021320000000000006,11.0
0.021360000000000004,12.0
0.021400000000000002,12.0
0.02144,13.0
0.02148,14.0
0.021519999999999997,14.0
0.02156000000000001,14.0
0.021600000000000008,13.0
0.021640000000000006,12.0
0.021680000000000005,13.0
0.021720000000000003,14.0
0.02176,15.0
0.0218,14.0
0.02184,13.0
0.021879999999999997,11.0
0.02192000000000001,12.0
0.021960000000000007,10.0
0.022000000000000006,11.0
0.022040000000000004,12.0
0.022080000000000002,12.0
0.02212,11.0
0.02216,12.0
0.022199999999999998,11.0
0.02224000000000001,12.0
0.022280000000000008,13.0
0.022320000000000007,14.0
0.022360000000000005,15.0
0.022400000000000003,15.0
0.02244,15.0
0.02248,14.0
0.02252,15.0
0.022559999999999997,15.0
0.02260000000000001,16.0
0.022640000000000007,17.0
0.022680000000000006,16.0
0.022720000000000004,16.0
0.022760000000000002,17.0
0.0228,15.0
0.02284,15.0
0.022879999999999998,15.0
0.02292000000000001,16.0
0.022960000000000008,16.0
0.023000000000000007,15.0
0.023040000000000005,16.0
0.023080000000000003,15.0
0.02312,15.0
0.02316,16.0
0.0232,17.0
0.023239999999999997,17.0
0.02328000000000001,17.0
0.023320000000000007,16.0
0.023360000000000006,17.0
0.023400000000000004,17.0
0.023440000000000003,16.0
0.02348,18.0
0.02352,18.0
0.023559999999999998,19.0
0.02360000000000001,19.0
0.023640000000000008,18.0
0.023680000000000007,17.0
0.023720000000000005,19.0
0.023760000000000003,18.0
0.0238,17.0
0.02384,18.0
0.02388,18.0
0.023919999999999997,17.0
0.02396000000000001,16.0
0.024000000000000007,16.0
0.024040000000000006,17.0
0.024080000000000004,17.0
0.024120000000000003,18.0
0.02416,18.0
0.0242,16.0
0.024239999999999998,15.0
0.02428000000000001,16.0
0.02432000000000001,16.0
0.024360000000000007,19.0
0.024400000000000005,20.0
0.024440000000000003,22.0
0.024480000000000002,21.0
0.02452,22.0
0.02456,23.0
0.024599999999999997,23.0
0.02464000000000001,25.0
0.024680000000000007,25.0
0.024720000000000006,27.0
0.024760000000000004,25.0
0.024800000000000003,25.0
0.02484,24.0
0.02488,25.0
0.024919999999999998,24.0
0.02496000000000001,25.0
0.02500000000000001,25.0
0.025040000000000007,24.0
0.025080000000000005,24.0
0.025120000000000003,22.0
0.025160000000000002,23.0
0.0252,23.0
0.02524,21.0
0.025279999999999997,22.0
0.02532000000000001,19.0
0.025360000000000008,19.0
0.025400000000000006,19.0
0.025440000000000004,19.0
0.025480000000000003,21.0
0.02552,21.0
0.02556,22.0
0.025599999999999998,21.0
0.02564000000000001,23.0
0.02568000000000001,23.0
0.025720000000000007,23.0
0.025760000000000005,23.0
0.025800000000000003,25.0
0.025840000000000002,26.0
0.02588,25.0
0.02592,25.0
0.025959999999999997,26.0
0.02600000000000001,25.0
0.026040000000000008,27.0
0.026080000000000006,27.0
0.026120000000000004,27.0
0.026160000000000003,27.0
0.0262,26.0
0.02624,26.0
0.026279999999999998,25.0
0.02632000000000001,25.0
0.02636000000000001,24.0
0.026400000000000007,23.0
0.026440000000000005,22.0
0.026480000000000004,23.0
0.026520000000000002,20.0
0.02656,20.0
0.0266,19.0
0.026639999999999997,18.0
0.02668000000000001,18.0
0.026720000000000008,18.0
0.026760000000000006,18.0
0.026800000000000004,17.0
0.026840000000000003,16.0
0.02688,15.0
0.02692,15.0
0.026959999999999998,15.0
0.02700000000000001,16.0
0.02704000000000001,15.0
0.027080000000000007,15.0
0.027120000000000005,15.0
0.027160000000000004,13.0
0.027200000000000002,14.0
0.02724,13.0
0.02728,13.0
0.027319999999999997,13.0
0.02736000000000001,12.0
0.027400000000000008,12.0
0.027440000000000006,10.0
0.027480000000000004,11.0
0.027520000000000003,10.0
0.02756,10.0
0.0276,10.0
0.027639999999999998,9.0
0.02768000000000001,8.0
0.02772000000000001,7.0
0.027760000000000007,7.0
0.027800000000000005,6.0
0.027840000000000004,5.0
0.027880000000000002,7.0
0.02792,6.0
0.02796,5.0
0.027999999999999997,5.0
0.02804000000000001,4.0
0.028080000000000008,5.0
0.028120000000000006,5.0
0.028160000000000004,5.0
0.028200000000000003,5.0
0.02824,4.0
0.02828,4.0
0.028319999999999998,3.0
0.02836000000000001,4.0
0.02840000000000001,4.0
0.028440000000000007,4.0
0.028480000000000005,4.0
0.028520000000000004,4.0
0.028560000000000002,3.0
0.0286,3.0
0.02864,2.0
0.028679999999999997,3.0
0.02872000000000001,4.0
0.028760000000000008,4.0
0.028800000000000006,4.0
0.028840000000000005,3.0
0.028880000000000003,3.0
0.02892,1.0
0.02896,2.0
0.028999999999999998,2.0
0.02904000000000001,2.0
0.02908000000000001,1.0
0.029120000000000007,3.0
0.029160000000000005,2.0
0.029200000000000004,1.0
0.029240000000000002,1.0
0.02928,2.0
0.02932,3.0
0.029359999999999997,1.0
0.02940000000000001,2.0
0.029440000000000008,1.0
0.029480000000000006,0.0
0.029520000000000005,1.0
0.029560000000000003,2.0
0.0296,2.0
0.02964,1.0
0.029679999999999998,1.0
0.02972000000000001,0.0
0.02976000000000001,-2.0
0.029800000000000007,-2.0
0.029840000000000005,-2.0
0.029880000000000004,-3.0
0.029920000000000002,-2.0
0.02996,-3.0
0.03,-4.0
0.030039999999999997,-6.0
0.03008000000000001,-5.0
0.030120000000000008,-6.0
0.030160000000000006,-7.0
0.030200000000000005,-6.0
0.030240000000000003,-7.0
0.03028,-8.0
0.03032,-8.0
0.030359999999999998,-9.0
0.03040000000000001,-9.0
0.03044000000000001,-9.0
0.030480000000000007,-8.0
0.030520000000000005,-10.0
0.030560000000000004,-9.0
0.030600000000000002,-9.0
0.03064,-11.0
0.03068,-11.0
0.030719999999999997,-10.0
0.03076000000000001,-9.0
0.030800000000000008,-9.0
0.030840000000000006,-9.0
0.030880000000000005,-10.0
0.030920000000000003,-11.0
0.03096,-11.0
0.031,-10.0
0.031039999999999998,-10.0
0.03108000000000001,-10.0
0.03112000000000001,-10.0
0.031160000000000007,-11.0
0.031200000000000006,-11.0
0.031240000000000004,-12.0
0.03128,-12.0
0.03132,-11.0
0.03136,-12.0
0.0314,-12.0
0.03144000000000001,-13.0
0.03148000000000001,-13.0
0.031520000000000006,-13.0
0.031560000000000005,-14.0
0.0316,-13.0
0.03164,-12.0
0.03168,-12.0
0.03172,-12.0
0.03176000000000001,-14.0
0.03180000000000001,-12.0
0.03184000000000001,-12.0
0.031880000000000006,-13.0
0.031920000000000004,-9.0
0.03196,-10.0
0.032,-11.0
0.03204,-11.0
0.03208,-10.0
0.03212000000000001,-12.0
0.03216000000000001,-12.0
0.032200000000000006,-11.0
0.032240000000000005,-11.0
0.03228,-12.0
0.03232,-12.0
0.03236,-13.0
0.0324,-14.0
0.03244000000000001,-14.0
0.03248000000000001,-14.0
0.03252000000000001,-14.0
0.032560000000000006,-15.0
0.032600000000000004,-16.0
0.03264,-16.0
0.03268,-16.0
0.03272,-15.0
0.03276,-15.0
0.03280000000000001,-14.0
0.03284000000000001,-14.0
0.032880000000000006,-15.0
0.032920000000000005,-15.0
0.03296,-15.0
0.033,-15.0
0.03304,-15.0
0.03308,-15.0
0.03312000000000001,-15.0
0.03316000000000001,-15.0
0.03320000000000001,-16.0
0.033240000000000006,-15.0
0.033280000000000004,-16.0
0.03332,-16.0
0.03336,-15.0
0.0334,-15.0
0.03344,-16.0
0.03348000000000001,-17.0
0.03352000000000001,-17.0
0.033560000000000006,-18.0
0.033600000000000005,-18.0
0.03364,-17.0
0.03368,-17.0
0.03372,-17.0
0.03376,-17.0
0.03380000000000001,-17.0
0.03384000000000001,-17.0
0.03388000000000001,-17.0
0.033920000000000006,-15.0
0.033960000000000004,-16.0
0.034,-16.0
0.03404,-16.0
0.03408,-16.0
0.03412,-15.0
0.03416000000000001,-16.0
0.03420000000000001,-16.0
0.03424000000000001,-15.0
0.034280000000000005,-15.0
0.03432,-16.0
0.03436,-17.0
0.0344,-20.0
0.03444,-21.0
0.03448000000000001,-21.0
0.03452000000000001,-22.0
0.03456000000000001,-22.0
0.034600000000000006,-22.0
0.034640000000000004,-23.0
0.03468,-24.0
0.03472,-25.0
0.03476,-25.0
0.0348,-24.0
0.03484000000000001,-23.0
0.03488000000000001,-24.0
0.03492000000000001,-23.0
0.034960000000000005,-25.0
0.035,-24.0
0.03504,-24.0
0.03508,-24.0
0.03512,-23.0
0.03516000000000001,-21.0
0.03520000000000001,-22.0
0.03524000000000001,-20.0
0.035280000000000006,-20.0
0.035320000000000004,-20.0
0.03536,-19.0
0.0354,-20.0
0.03544,-18.0
0.03548,-20.0
0.03552000000000001,-20.0
0.03556000000000001,-22.0
0.03560000000000001,-21.0
0.035640000000000005,-22.0
0.03568,-21.0
0.03572,-21.0
0.03576,-23.0
0.0358,-25.0
0.03584000000000001,-24.0
0.03588000000000001,-25.0
0.03592000000000001,-26.0
0.035960000000000006,-25.0
0.036000000000000004,-25.0
0.03604,-25.0
0.03608,-26.0
0.03612,-27.0
0.03616,-26.0
0.03620000000000001,-25.0
0.03624000000000001,-25.0
0.03628000000000001,-24.0
0.036320000000000005,-23.0
0.03636,-23.0
0.0364,-24.0
0.03644,-22.0
0.03648,-22.0
0.03652000000000001,-20.0
0.03656000000000001,-20.0
0.03660000000000001,-18.0
0.036640000000000006,-17.0
0.036680000000000004,-16.0
0.03672,-17.0
0.03676,-15.0
0.0368,-15.0
0.03684,-15.0
0.03688000000000001,-15.0
0.03692000000000001,-14.0
0.03696000000000001,-14.0
0.037000000000000005,-15.0
0.037040000000000003,-14.0
0.03708,-14.0
0.03712,-14.0
0.03716,-13.0
0.03720000000000001,-13.0
0.03724000000000001,-13.0
0.03728000000000001,-12.0
0.037320000000000006,-11.0
0.037360000000000004,-11.0
0.0374,-11.0
0.03744,-9.0
0.03748,-9.0
0.03752,-8.0
0.03756000000000001,-9.0
0.03760000000000001,-10.0
0.03764000000000001,-8.0
0.037680000000000005,-6.0
0.037720000000000004,-6.0
0.03776,-6.0
0.0378,-6.0
0.03784,-6.0
0.03788000000000001,-5.0
0.03792000000000001,-6.0
0.03796000000000001,-5.0
0.038000000000000006,-3.0
0.038040000000000004,-4.0
0.03808,-3.0
0.03812,-2.0
0.03816,-3.0
0.0382,-4.0
0.03824000000000001,-5.0
0.03828000000000001,-3.0
0.03832000000000001,-2.0
0.038360000000000005,-2.0
0.038400000000000004,-2.0
0.03844,-3.0
0.03848,-3.0
0.03852,-3.0
0.03856000000000001,-2.0
0.03860000000000001,-2.0
0.03864000000000001,-2.0
0.038680000000000006,-1.0
0.038720000000000004,-2.0
0.03876,-2.0
0.0388,-2.0
0.03884,-2.0
0.03888,-1.0
0.03892000000000001,-1.0
0.03896000000000001,0.0
0.03900000000000001,-1.0
0.039040000000000005,-1.0
0.039080000000000004,-2.0
0.03912,-1.0
0.03916,-2.0
0.0392,-1.0
0.03924000000000001,0.0
0.03928000000000001,-1.0
0.03932000000000001,-1.0
0.039360000000000006,-1.0
0.039400000000000004,-1.0
0.03944,0.0
0.03948,1.0
0.03952,0.0
0.03956,1.0
0.03960000000000001,0.0
0.03964000000000001,0.0
0.03968000000000001,1.0
0.039720000000000005,1.0
0.039760000000000004,2.0
0.0398,2.0
0.03984,3.0
0.03988,4.0
0.03992000000000001,3.0
0.03996000000000001,3.0
0.04000000000000001,5.0
0.040040000000000006,7.0
0.040080000000000005,6.0
0.04012,8.0
0.04016,7.0
0.0402,8.0
0.04024,8.0
0.04028000000000001,9.0
0.04032000000000001,9.0
0.04036000000000001,11.0
0.040400000000000005,11.0
0.040440000000000004,10.0
0.04048,11.0
0.04052,10.0
0.04056,10.0
0.04060000000000001,11.0
0.04064000000000001,11.0
0.04068000000000001,12.0
0.040720000000000006,11.0
0.040760000000000005,10.0
0.0408,10.0
0.04084,9.0
0.04088,11.0
0.04092,11.0
0.04096000000000001,12.0
0.04100000000000001,12.0
0.04104000000000001,11.0
0.041080000000000005,11.0
0.041120000000000004,12.0
0.04116,12.0
0.0412,12.0
0.04124,15.0
0.04128000000000001,12.0
0.04132000000000001,13.0
0.04136000000000001,14.0
0.041400000000000006,12.0
0.041440000000000005,13.0
0.04148,14.0
0.04152,13.0
0.04156,14.0
0.0416,12.0
0.04164000000000001,14.0
0.04168000000000001,12.0
0.04172000000000001,13.0
0.041760000000000005,13.0
0.041800000000000004,13.0
0.04184,14.0
0.04188,12.0
0.04192,12.0
0.04196000000000001,10.0
0.04200000000000001,12.0
0.04204000000000001,11.0
0.042080000000000006,12.0
0.042120000000000005,12.0
0.04216,12.0
0.0422,11.0
0.04224,12.0
0.04228,12.0
0.04232000000000001,13.0
0.04236000000000001,14.0
0.04240000000000001,16.0
0.042440000000000005,15.0
0.042480000000000004,14.0
0.04252,16.0
0.04256,14.0
0.0426,15.0
0.04264000000000001,15.0
0.04268000000000001,16.0
0.04272000000000001,17.0
0.042760000000000006,16.0
0.042800000000000005,15.0
0.04284,15.0
0.04288,16.0
0.04292,16.0
0.04296,16.0
0.04300000000000001,16.0
0.04304000000000001,18.0
0.04308000000000001,15.0
0.043120000000000006,15.0
0.043160000000000004,15.0
0.0432,15.0
0.04324,16.0
0.04328,16.0
0.04332000000000001,17.0
0.04336000000000001,16.0
0.04340000000000001,16.0
0.043440000000000006,17.0
0.043480000000000005,16.0
0.04352,18.0
0.04356,18.0
0.0436,18.0
0.04364,19.0
0.04368000000000001,19.0
0.04372000000000001,18.0
0.04376000000000001,17.0
0.043800000000000006,17.0
0.043840000000000004,18.0
0.04388,17.0
0.04392,17.0
0.04396,17.0
0.04400000000000001,15.0
0.04404000000000001,16.0
0.04408000000000001,16.0
0.044120000000000006,17.0
0.044160000000000005,17.0
0.0442,18.0
0.04424,16.0
0.04428,17.0
0.04432,15.0
0.04436000000000001,18.0
0.04440000000000001,20.0
0.04444000000000001,21.0
0.044480000000000006,22.0
0.044520000000000004,22.0
0.04456,23.0
0.0446,23.0
0.04464,24.0
0.04468000000000001,24.0
0.04472000000000001,26.0
0.04476000000000001,24.0
0.044800000000000006,25.0
0.044840000000000005,24.0
0.04488,25.0
0.04492,23.0
0.04496,23.0
0.045,24.0
0.04504000000000001,25.0
0.04508000000000001,24.0
0.04512000000000001,24.0
0.045160000000000006,24.0
0.045200000000000004,24.0
0.04524,22.0
0.04528,21.0
0.04532,20.0
0.04536000000000001,20.0
0.04540000000000001,21.0
0.04544000000000001,19.0
0.04548000000000001,20.0
0.045520000000000005,20.0
0.04556,22.0
0.0456,22.0
0.04564,22.0
0.04568,21.0
0.04572000000000001,23.0
0.04576000000000001,24.0
0.04580000000000001,24.0
0.045840000000000006,25.0
0.045880000000000004,27.0
0.04592,27.0
0.04596,27.0
0.046,27.0
0.04604000000000001,25.0
0.04608000000000001,26.0
0.04612000000000001,27.0
0.04616000000000001,27.0
0.046200000000000005,28.0
0.04624,25.0
0.04628,25.0
0.04632,22.0
0.04636,22.0
0.04640000000000001,23.0
0.04644000000000001,22.0
0.04648000000000001,21.0
0.046520000000000006,21.0
0.046560000000000004,19.0
0.0466,18.0
0.04664,18.0
0.04668,18.0
0.04672000000000001,18.0
0.04676000000000001,18.0
0.04680000000000001,17.0
0.04684000000000001,15.0
0.046880000000000005,16.0
0.04692,14.0
0.04696,15.0
0.047,15.0
0.04704,15.0
0.04708000000000001,15.0
0.04712000000000001,15.0
0.04716000000000001,14.0
0.047200000000000006,11.0
0.047240000000000004,13.0
0.04728,12.0
0.04732,13.0
0.04736,13.0
0.04740000000000001,12.0
0.04744000000000001,10.0
0.04748000000000001,10.0
0.04752000000000001,10.0
0.047560000000000005,9.0
0.0476,10.0
0.04764,9.0
0.04768,9.0
0.04772,7.0
0.04776000000000001,6.0
0.04780000000000001,6.0
0.04784000000000001,6.0
0.047880000000000006,6.0
0.047920000000000004,7.0
0.04796,5.0
0.048,5.0
0.04804,4.0
0.04808000000000001,5.0
0.04812000000000001,4.0
0.04816000000000001,4.0
0.04820000000000001,4.0
0.048240000000000005,5.0
0.04828,4.0
0.04832,4.0
0.04836,4.0
0.0484,4.0
0.04844000000000001,4.0
0.04848000000000001,4.0
0.04852000000000001,3.0
0.048560000000000006,4.0
0.048600000000000004,3.0
0.04864,2.0
0.04868,1.0
0.04872,3.0
0.04876000000000001,3.0
0.04880000000000001,2.0
0.04884000000000001,2.0
0.04888000000000001,2.0
0.048920000000000005,1.0
0.048960000000000004,1.0
0.049,1.0
0.04904,2.0
0.04908,2.0
0.04912000000000001,1.0
0.04916000000000001,2.0
0.04920000000000001,1.0
0.049240000000000006,2.0
0.049280000000000004,1.0
0.04932,2.0
0.04936,2.0
0.0494,3.0
0.04944000000000001,1.0
0.04948000000000001,2.0
0.04952000000000001,0.0
0.04956000000000001,1.0
0.049600000000000005,0.0
0.049640000000000004,1.0
0.04968,1.0
0.04972,-1.0
0.04976,-2.0
0.04980000000000001,-2.0
0.04984000000000001,-2.0
0.04988000000000001,-2.0
0.049920000000000006,-1.0
0.049960000000000004,-3.0
